/opt/hostedtoolcache/Python/3.11.14/x64/lib/python3.11/site-packages/torch/_subclasses/functional_tensor.py:307: UserWarning: Failed to initialize NumPy: No module named 'numpy' (Triggered internally at /pytorch/torch/csrc/utils/tensor_numpy.cpp:84.)
  cpu = _conversion_method_template(device=torch.device("cpu"))
/opt/hostedtoolcache/Python/3.11.14/x64/lib/python3.11/site-packages/torch/_subclasses/functional_tensor.py:307: UserWarning: Failed to initialize NumPy: No module named 'numpy' (Triggered internally at /pytorch/torch/csrc/utils/tensor_numpy.cpp:84.)
  cpu = _conversion_method_template(device=torch.device("cpu"))
/opt/hostedtoolcache/Python/3.11.14/x64/lib/python3.11/site-packages/torch/_subclasses/functional_tensor.py:307: UserWarning: Failed to initialize NumPy: No module named 'numpy' (Triggered internally at /pytorch/torch/csrc/utils/tensor_numpy.cpp:84.)
  cpu = _conversion_method_template(device=torch.device("cpu"))
/opt/hostedtoolcache/Python/3.11.14/x64/lib/python3.11/site-packages/torch/_subclasses/functional_tensor.py:307: UserWarning: Failed to initialize NumPy: No module named 'numpy' (Triggered internally at /pytorch/torch/csrc/utils/tensor_numpy.cpp:84.)
  cpu = _conversion_method_template(device=torch.device("cpu"))
operator.cpp: In member function ‘ge::Operator& ge::Operator::SetAttr(const char*, const ge::AscendString&)’:
operator.cpp:50:80: warning: no return statement in function returning non-void [-Wreturn-type]
   50 | Operator& Operator::SetAttr(const char* name, const AscendString& attr_value) {}
      |                                                                                ^
/opt/hostedtoolcache/Python/3.11.14/x64/lib/python3.11/site-packages/setuptools/dist.py:759: SetuptoolsDeprecationWarning: License classifiers are deprecated.
!!

        ********************************************************************************
        Please consider removing the following classifiers in favor of a SPDX license expression:

        License :: OSI Approved :: BSD License

        See https://packaging.python.org/en/latest/guides/writing-pyproject-toml/#license for details.
        ********************************************************************************

!!
  self._finalize_license_expression()
running build
running build_py
custom_functions.py
gen_functionalization_type.py
codegen_ops_info.py
utils.py
__init__.py
gen_backend_stubs.py
templates/custom_ops.py
templates/npu_testing_utils.py
autograd/gen_variable_factories.py
autograd/gen_variable_type.py
autograd/gen_autograd_functions.py
autograd/gen_autograd.py
autograd/utils.py
autograd/__init__.py
templates/CustomRedispatch.cpp
templates/ForeachRegister.cpp
templates/CustomRegisterSchema.cpp
templates/RegisterFunctionalization.cpp
templates/CustomFunctions.cpp
autograd/templates/Functions.cpp
autograd/templates/VariableType.cpp
autograd/templates/python_functions.cpp
autograd/templates/ADInplaceOrViewType.cpp
templates/CustomFunctions.h
templates/CustomRedispatch.h
autograd/templates/Functions.h
autograd/templates/python_functions.h
autograd/templates/VariableType.h
gen.py
model.py
gen_op_plugin_functions.py
gen_op_backend.py
local.py
context.py
code_template.py
gen_derivatives.py
op_codegen_utils.py
api/cpp.py
api/native.py
api/__init__.py
api/types/types_base.py
api/types/types.py
api/types/signatures.py
api/types/__init__.py
struct/model.py
struct/gen_struct_opapi.py
struct/struct_codegen.py
struct/__init__.py
struct/templates/StructKernelNpuOpApi.cpp
templates/OpInterface.cpp
templates/Interface.h
copying /home/runner/work/pytorch-npu-trae/pytorch-npu-trae/ascend_pytorch/torch_npu/version.py -> /home/runner/work/pytorch-npu-trae/pytorch-npu-trae/ascend_pytorch/build/packages/torch_npu
copying /home/runner/work/pytorch-npu-trae/pytorch-npu-trae/ascend_pytorch/torch_npu/__init__.py -> /home/runner/work/pytorch-npu-trae/pytorch-npu-trae/ascend_pytorch/build/packages/torch_npu
copying /home/runner/work/pytorch-npu-trae/pytorch-npu-trae/ascend_pytorch/torch_npu/_op_plugin_docs.py -> /home/runner/work/pytorch-npu-trae/pytorch-npu-trae/ascend_pytorch/build/packages/torch_npu
copying /home/runner/work/pytorch-npu-trae/pytorch-npu-trae/ascend_pytorch/torch_npu/utils/affinity.py -> /home/runner/work/pytorch-npu-trae/pytorch-npu-trae/ascend_pytorch/build/packages/torch_npu/utils
copying /home/runner/work/pytorch-npu-trae/pytorch-npu-trae/ascend_pytorch/torch_npu/utils/_step.py -> /home/runner/work/pytorch-npu-trae/pytorch-npu-trae/ascend_pytorch/build/packages/torch_npu/utils
copying /home/runner/work/pytorch-npu-trae/pytorch-npu-trae/ascend_pytorch/torch_npu/utils/_module.py -> /home/runner/work/pytorch-npu-trae/pytorch-npu-trae/ascend_pytorch/build/packages/torch_npu/utils
copying /home/runner/work/pytorch-npu-trae/pytorch-npu-trae/ascend_pytorch/torch_npu/utils/asd_detector.py -> /home/runner/work/pytorch-npu-trae/pytorch-npu-trae/ascend_pytorch/build/packages/torch_npu/utils
copying /home/runner/work/pytorch-npu-trae/pytorch-npu-trae/ascend_pytorch/torch_npu/utils/dlpack.py -> /home/runner/work/pytorch-npu-trae/pytorch-npu-trae/ascend_pytorch/build/packages/torch_npu/utils
copying /home/runner/work/pytorch-npu-trae/pytorch-npu-trae/ascend_pytorch/torch_npu/utils/profiler.py -> /home/runner/work/pytorch-npu-trae/pytorch-npu-trae/ascend_pytorch/build/packages/torch_npu/utils
copying /home/runner/work/pytorch-npu-trae/pytorch-npu-trae/ascend_pytorch/torch_npu/utils/_dynamo.py -> /home/runner/work/pytorch-npu-trae/pytorch-npu-trae/ascend_pytorch/build/packages/torch_npu/utils
copying /home/runner/work/pytorch-npu-trae/pytorch-npu-trae/ascend_pytorch/torch_npu/utils/exposed_api.py -> /home/runner/work/pytorch-npu-trae/pytorch-npu-trae/ascend_pytorch/build/packages/torch_npu/utils
copying /home/runner/work/pytorch-npu-trae/pytorch-npu-trae/ascend_pytorch/torch_npu/utils/patch_getenv.py -> /home/runner/work/pytorch-npu-trae/pytorch-npu-trae/ascend_pytorch/build/packages/torch_npu/utils
copying /home/runner/work/pytorch-npu-trae/pytorch-npu-trae/ascend_pytorch/torch_npu/utils/tensor_methods.py -> /home/runner/work/pytorch-npu-trae/pytorch-npu-trae/ascend_pytorch/build/packages/torch_npu/utils
copying /home/runner/work/pytorch-npu-trae/pytorch-npu-trae/ascend_pytorch/torch_npu/utils/cpp_extension.py -> /home/runner/work/pytorch-npu-trae/pytorch-npu-trae/ascend_pytorch/build/packages/torch_npu/utils
copying /home/runner/work/pytorch-npu-trae/pytorch-npu-trae/ascend_pytorch/torch_npu/utils/combine_tensors.py -> /home/runner/work/pytorch-npu-trae/pytorch-npu-trae/ascend_pytorch/build/packages/torch_npu/utils
copying /home/runner/work/pytorch-npu-trae/pytorch-npu-trae/ascend_pytorch/torch_npu/utils/_optim.py -> /home/runner/work/pytorch-npu-trae/pytorch-npu-trae/ascend_pytorch/build/packages/torch_npu/utils
copying /home/runner/work/pytorch-npu-trae/pytorch-npu-trae/ascend_pytorch/torch_npu/utils/custom_ops.py -> /home/runner/work/pytorch-npu-trae/pytorch-npu-trae/ascend_pytorch/build/packages/torch_npu/utils
copying /home/runner/work/pytorch-npu-trae/pytorch-npu-trae/ascend_pytorch/torch_npu/utils/syncbatchnorm.py -> /home/runner/work/pytorch-npu-trae/pytorch-npu-trae/ascend_pytorch/build/packages/torch_npu/utils
copying /home/runner/work/pytorch-npu-trae/pytorch-npu-trae/ascend_pytorch/torch_npu/utils/serialization.py -> /home/runner/work/pytorch-npu-trae/pytorch-npu-trae/ascend_pytorch/build/packages/torch_npu/utils
copying /home/runner/work/pytorch-npu-trae/pytorch-npu-trae/ascend_pytorch/torch_npu/utils/unsupport_api.py -> /home/runner/work/pytorch-npu-trae/pytorch-npu-trae/ascend_pytorch/build/packages/torch_npu/utils
copying /home/runner/work/pytorch-npu-trae/pytorch-npu-trae/ascend_pytorch/torch_npu/utils/collect_hccl_info.py -> /home/runner/work/pytorch-npu-trae/pytorch-npu-trae/ascend_pytorch/build/packages/torch_npu/utils
copying /home/runner/work/pytorch-npu-trae/pytorch-npu-trae/ascend_pytorch/torch_npu/utils/_inductor.py -> /home/runner/work/pytorch-npu-trae/pytorch-npu-trae/ascend_pytorch/build/packages/torch_npu/utils
copying /home/runner/work/pytorch-npu-trae/pytorch-npu-trae/ascend_pytorch/torch_npu/utils/_afd_ops.py -> /home/runner/work/pytorch-npu-trae/pytorch-npu-trae/ascend_pytorch/build/packages/torch_npu/utils
copying /home/runner/work/pytorch-npu-trae/pytorch-npu-trae/ascend_pytorch/torch_npu/utils/flops_count.py -> /home/runner/work/pytorch-npu-trae/pytorch-npu-trae/ascend_pytorch/build/packages/torch_npu/utils
copying /home/runner/work/pytorch-npu-trae/pytorch-npu-trae/ascend_pytorch/torch_npu/utils/_error_code.py -> /home/runner/work/pytorch-npu-trae/pytorch-npu-trae/ascend_pytorch/build/packages/torch_npu/utils
copying /home/runner/work/pytorch-npu-trae/pytorch-npu-trae/ascend_pytorch/torch_npu/utils/storage.py -> /home/runner/work/pytorch-npu-trae/pytorch-npu-trae/ascend_pytorch/build/packages/torch_npu/utils
copying /home/runner/work/pytorch-npu-trae/pytorch-npu-trae/ascend_pytorch/torch_npu/utils/utils.py -> /home/runner/work/pytorch-npu-trae/pytorch-npu-trae/ascend_pytorch/build/packages/torch_npu/utils
copying /home/runner/work/pytorch-npu-trae/pytorch-npu-trae/ascend_pytorch/torch_npu/utils/_dynamo_device.py -> /home/runner/work/pytorch-npu-trae/pytorch-npu-trae/ascend_pytorch/build/packages/torch_npu/utils
copying /home/runner/work/pytorch-npu-trae/pytorch-npu-trae/ascend_pytorch/torch_npu/utils/_npu_trace.py -> /home/runner/work/pytorch-npu-trae/pytorch-npu-trae/ascend_pytorch/build/packages/torch_npu/utils
copying /home/runner/work/pytorch-npu-trae/pytorch-npu-trae/ascend_pytorch/torch_npu/utils/dtensor.py -> /home/runner/work/pytorch-npu-trae/pytorch-npu-trae/ascend_pytorch/build/packages/torch_npu/utils
copying /home/runner/work/pytorch-npu-trae/pytorch-npu-trae/ascend_pytorch/torch_npu/utils/__init__.py -> /home/runner/work/pytorch-npu-trae/pytorch-npu-trae/ascend_pytorch/build/packages/torch_npu/utils
copying /home/runner/work/pytorch-npu-trae/pytorch-npu-trae/ascend_pytorch/torch_npu/utils/npu_intercept.py -> /home/runner/work/pytorch-npu-trae/pytorch-npu-trae/ascend_pytorch/build/packages/torch_npu/utils
copying /home/runner/work/pytorch-npu-trae/pytorch-npu-trae/ascend_pytorch/torch_npu/utils/hif8_tensor.py -> /home/runner/work/pytorch-npu-trae/pytorch-npu-trae/ascend_pytorch/build/packages/torch_npu/utils
copying /home/runner/work/pytorch-npu-trae/pytorch-npu-trae/ascend_pytorch/torch_npu/utils/_asd_detector.py -> /home/runner/work/pytorch-npu-trae/pytorch-npu-trae/ascend_pytorch/build/packages/torch_npu/utils
copying /home/runner/work/pytorch-npu-trae/pytorch-npu-trae/ascend_pytorch/torch_npu/utils/_graph_tree.py -> /home/runner/work/pytorch-npu-trae/pytorch-npu-trae/ascend_pytorch/build/packages/torch_npu/utils
copying /home/runner/work/pytorch-npu-trae/pytorch-npu-trae/ascend_pytorch/torch_npu/utils/collect_env.py -> /home/runner/work/pytorch-npu-trae/pytorch-npu-trae/ascend_pytorch/build/packages/torch_npu/utils
copying /home/runner/work/pytorch-npu-trae/pytorch-npu-trae/ascend_pytorch/torch_npu/utils/_path_manager.py -> /home/runner/work/pytorch-npu-trae/pytorch-npu-trae/ascend_pytorch/build/packages/torch_npu/utils
copying /home/runner/work/pytorch-npu-trae/pytorch-npu-trae/ascend_pytorch/torch_npu/npu/deterministic.py -> /home/runner/work/pytorch-npu-trae/pytorch-npu-trae/ascend_pytorch/build/packages/torch_npu/npu
copying /home/runner/work/pytorch-npu-trae/pytorch-npu-trae/ascend_pytorch/torch_npu/npu/_memory_viz.py -> /home/runner/work/pytorch-npu-trae/pytorch-npu-trae/ascend_pytorch/build/packages/torch_npu/npu
copying /home/runner/work/pytorch-npu-trae/pytorch-npu-trae/ascend_pytorch/torch_npu/npu/_kernel_check.py -> /home/runner/work/pytorch-npu-trae/pytorch-npu-trae/ascend_pytorch/build/packages/torch_npu/npu
copying /home/runner/work/pytorch-npu-trae/pytorch-npu-trae/ascend_pytorch/torch_npu/npu/_stream_check.py -> /home/runner/work/pytorch-npu-trae/pytorch-npu-trae/ascend_pytorch/build/packages/torch_npu/npu
copying /home/runner/work/pytorch-npu-trae/pytorch-npu-trae/ascend_pytorch/torch_npu/npu/backends.py -> /home/runner/work/pytorch-npu-trae/pytorch-npu-trae/ascend_pytorch/build/packages/torch_npu/npu
copying /home/runner/work/pytorch-npu-trae/pytorch-npu-trae/ascend_pytorch/torch_npu/npu/_backends.py -> /home/runner/work/pytorch-npu-trae/pytorch-npu-trae/ascend_pytorch/build/packages/torch_npu/npu
copying /home/runner/work/pytorch-npu-trae/pytorch-npu-trae/ascend_pytorch/torch_npu/npu/mstx.py -> /home/runner/work/pytorch-npu-trae/pytorch-npu-trae/ascend_pytorch/build/packages/torch_npu/npu
copying /home/runner/work/pytorch-npu-trae/pytorch-npu-trae/ascend_pytorch/torch_npu/npu/streams.py -> /home/runner/work/pytorch-npu-trae/pytorch-npu-trae/ascend_pytorch/build/packages/torch_npu/npu
copying /home/runner/work/pytorch-npu-trae/pytorch-npu-trae/ascend_pytorch/torch_npu/npu/memory.py -> /home/runner/work/pytorch-npu-trae/pytorch-npu-trae/ascend_pytorch/build/packages/torch_npu/npu
copying /home/runner/work/pytorch-npu-trae/pytorch-npu-trae/ascend_pytorch/torch_npu/npu/_fft_plan_cache.py -> /home/runner/work/pytorch-npu-trae/pytorch-npu-trae/ascend_pytorch/build/packages/torch_npu/npu
copying /home/runner/work/pytorch-npu-trae/pytorch-npu-trae/ascend_pytorch/torch_npu/npu/random.py -> /home/runner/work/pytorch-npu-trae/pytorch-npu-trae/ascend_pytorch/build/packages/torch_npu/npu
copying /home/runner/work/pytorch-npu-trae/pytorch-npu-trae/ascend_pytorch/torch_npu/npu/_recovery.py -> /home/runner/work/pytorch-npu-trae/pytorch-npu-trae/ascend_pytorch/build/packages/torch_npu/npu
copying /home/runner/work/pytorch-npu-trae/pytorch-npu-trae/ascend_pytorch/torch_npu/npu/utils.py -> /home/runner/work/pytorch-npu-trae/pytorch-npu-trae/ascend_pytorch/build/packages/torch_npu/npu
copying /home/runner/work/pytorch-npu-trae/pytorch-npu-trae/ascend_pytorch/torch_npu/npu/_format.py -> /home/runner/work/pytorch-npu-trae/pytorch-npu-trae/ascend_pytorch/build/packages/torch_npu/npu
copying /home/runner/work/pytorch-npu-trae/pytorch-npu-trae/ascend_pytorch/torch_npu/npu/__init__.py -> /home/runner/work/pytorch-npu-trae/pytorch-npu-trae/ascend_pytorch/build/packages/torch_npu/npu
copying /home/runner/work/pytorch-npu-trae/pytorch-npu-trae/ascend_pytorch/torch_npu/npu/_sanitizer.py -> /home/runner/work/pytorch-npu-trae/pytorch-npu-trae/ascend_pytorch/build/packages/torch_npu/npu
copying /home/runner/work/pytorch-npu-trae/pytorch-npu-trae/ascend_pytorch/torch_npu/npu/npu_config.py -> /home/runner/work/pytorch-npu-trae/pytorch-npu-trae/ascend_pytorch/build/packages/torch_npu/npu
copying /home/runner/work/pytorch-npu-trae/pytorch-npu-trae/ascend_pytorch/torch_npu/npu/graphs.py -> /home/runner/work/pytorch-npu-trae/pytorch-npu-trae/ascend_pytorch/build/packages/torch_npu/npu
copying /home/runner/work/pytorch-npu-trae/pytorch-npu-trae/ascend_pytorch/torch_npu/npu/_graph_tree.py -> /home/runner/work/pytorch-npu-trae/pytorch-npu-trae/ascend_pytorch/build/packages/torch_npu/npu
copying /home/runner/work/pytorch-npu-trae/pytorch-npu-trae/ascend_pytorch/torch_npu/npu/autocast_utils.py -> /home/runner/work/pytorch-npu-trae/pytorch-npu-trae/ascend_pytorch/build/packages/torch_npu/npu
copying /home/runner/work/pytorch-npu-trae/pytorch-npu-trae/ascend_pytorch/torch_npu/npu/npugraph_ex/__init__.py -> /home/runner/work/pytorch-npu-trae/pytorch-npu-trae/ascend_pytorch/build/packages/torch_npu/npu/npugraph_ex
copying /home/runner/work/pytorch-npu-trae/pytorch-npu-trae/ascend_pytorch/torch_npu/npu/npugraph_ex/inference/__init__.py -> /home/runner/work/pytorch-npu-trae/pytorch-npu-trae/ascend_pytorch/build/packages/torch_npu/npu/npugraph_ex/inference
copying /home/runner/work/pytorch-npu-trae/pytorch-npu-trae/ascend_pytorch/torch_npu/npu/aclnn/backends.py -> /home/runner/work/pytorch-npu-trae/pytorch-npu-trae/ascend_pytorch/build/packages/torch_npu/npu/aclnn
copying /home/runner/work/pytorch-npu-trae/pytorch-npu-trae/ascend_pytorch/torch_npu/npu/aclnn/__init__.py -> /home/runner/work/pytorch-npu-trae/pytorch-npu-trae/ascend_pytorch/build/packages/torch_npu/npu/aclnn
copying /home/runner/work/pytorch-npu-trae/pytorch-npu-trae/ascend_pytorch/torch_npu/npu/amp/common.py -> /home/runner/work/pytorch-npu-trae/pytorch-npu-trae/ascend_pytorch/build/packages/torch_npu/npu/amp
copying /home/runner/work/pytorch-npu-trae/pytorch-npu-trae/ascend_pytorch/torch_npu/npu/amp/sharded_grad_scaler.py -> /home/runner/work/pytorch-npu-trae/pytorch-npu-trae/ascend_pytorch/build/packages/torch_npu/npu/amp
copying /home/runner/work/pytorch-npu-trae/pytorch-npu-trae/ascend_pytorch/torch_npu/npu/amp/autocast_mode.py -> /home/runner/work/pytorch-npu-trae/pytorch-npu-trae/ascend_pytorch/build/packages/torch_npu/npu/amp
copying /home/runner/work/pytorch-npu-trae/pytorch-npu-trae/ascend_pytorch/torch_npu/npu/amp/__init__.py -> /home/runner/work/pytorch-npu-trae/pytorch-npu-trae/ascend_pytorch/build/packages/torch_npu/npu/amp
copying /home/runner/work/pytorch-npu-trae/pytorch-npu-trae/ascend_pytorch/torch_npu/npu/amp/grad_scaler.py -> /home/runner/work/pytorch-npu-trae/pytorch-npu-trae/ascend_pytorch/build/packages/torch_npu/npu/amp
copying /home/runner/work/pytorch-npu-trae/pytorch-npu-trae/ascend_pytorch/torch_npu/npu/_npugraph_handlers/npugraph_handler.py -> /home/runner/work/pytorch-npu-trae/pytorch-npu-trae/ascend_pytorch/build/packages/torch_npu/npu/_npugraph_handlers
copying /home/runner/work/pytorch-npu-trae/pytorch-npu-trae/ascend_pytorch/torch_npu/npu/_npugraph_handlers/__init__.py -> /home/runner/work/pytorch-npu-trae/pytorch-npu-trae/ascend_pytorch/build/packages/torch_npu/npu/_npugraph_handlers
copying /home/runner/work/pytorch-npu-trae/pytorch-npu-trae/ascend_pytorch/torch_npu/npu/_npugraph_handlers/ifa_handler.py -> /home/runner/work/pytorch-npu-trae/pytorch-npu-trae/ascend_pytorch/build/packages/torch_npu/npu/_npugraph_handlers
copying /home/runner/work/pytorch-npu-trae/pytorch-npu-trae/ascend_pytorch/torch_npu/npu/_npugraph_handlers/simple_handler.py -> /home/runner/work/pytorch-npu-trae/pytorch-npu-trae/ascend_pytorch/build/packages/torch_npu/npu/_npugraph_handlers
copying /home/runner/work/pytorch-npu-trae/pytorch-npu-trae/ascend_pytorch/torch_npu/distributed/distributed_c10d.py -> /home/runner/work/pytorch-npu-trae/pytorch-npu-trae/ascend_pytorch/build/packages/torch_npu/distributed
copying /home/runner/work/pytorch-npu-trae/pytorch-npu-trae/ascend_pytorch/torch_npu/distributed/rendezvous.py -> /home/runner/work/pytorch-npu-trae/pytorch-npu-trae/ascend_pytorch/build/packages/torch_npu/distributed
copying /home/runner/work/pytorch-npu-trae/pytorch-npu-trae/ascend_pytorch/torch_npu/distributed/run.py -> /home/runner/work/pytorch-npu-trae/pytorch-npu-trae/ascend_pytorch/build/packages/torch_npu/distributed
copying /home/runner/work/pytorch-npu-trae/pytorch-npu-trae/ascend_pytorch/torch_npu/distributed/__init__.py -> /home/runner/work/pytorch-npu-trae/pytorch-npu-trae/ascend_pytorch/build/packages/torch_npu/distributed
copying /home/runner/work/pytorch-npu-trae/pytorch-npu-trae/ascend_pytorch/torch_npu/distributed/tensor/_common.py -> /home/runner/work/pytorch-npu-trae/pytorch-npu-trae/ascend_pytorch/build/packages/torch_npu/distributed/tensor
copying /home/runner/work/pytorch-npu-trae/pytorch-npu-trae/ascend_pytorch/torch_npu/distributed/tensor/_moe_ops.py -> /home/runner/work/pytorch-npu-trae/pytorch-npu-trae/ascend_pytorch/build/packages/torch_npu/distributed/tensor
copying /home/runner/work/pytorch-npu-trae/pytorch-npu-trae/ascend_pytorch/torch_npu/distributed/tensor/_math_ops.py -> /home/runner/work/pytorch-npu-trae/pytorch-npu-trae/ascend_pytorch/build/packages/torch_npu/distributed/tensor
copying /home/runner/work/pytorch-npu-trae/pytorch-npu-trae/ascend_pytorch/torch_npu/distributed/tensor/_attention.py -> /home/runner/work/pytorch-npu-trae/pytorch-npu-trae/ascend_pytorch/build/packages/torch_npu/distributed/tensor
copying /home/runner/work/pytorch-npu-trae/pytorch-npu-trae/ascend_pytorch/torch_npu/distributed/tensor/_sharded_tensor_patch.py -> /home/runner/work/pytorch-npu-trae/pytorch-npu-trae/ascend_pytorch/build/packages/torch_npu/distributed/tensor
copying /home/runner/work/pytorch-npu-trae/pytorch-npu-trae/ascend_pytorch/torch_npu/distributed/tensor/_matrix_ops.py -> /home/runner/work/pytorch-npu-trae/pytorch-npu-trae/ascend_pytorch/build/packages/torch_npu/distributed/tensor
copying /home/runner/work/pytorch-npu-trae/pytorch-npu-trae/ascend_pytorch/torch_npu/distributed/tensor/_dtensor_patch.py -> /home/runner/work/pytorch-npu-trae/pytorch-npu-trae/ascend_pytorch/build/packages/torch_npu/distributed/tensor
copying /home/runner/work/pytorch-npu-trae/pytorch-npu-trae/ascend_pytorch/torch_npu/distributed/tensor/__init__.py -> /home/runner/work/pytorch-npu-trae/pytorch-npu-trae/ascend_pytorch/build/packages/torch_npu/distributed/tensor
copying /home/runner/work/pytorch-npu-trae/pytorch-npu-trae/ascend_pytorch/torch_npu/distributed/fsdp/_add_fsdp_patch.py -> /home/runner/work/pytorch-npu-trae/pytorch-npu-trae/ascend_pytorch/build/packages/torch_npu/distributed/fsdp
copying /home/runner/work/pytorch-npu-trae/pytorch-npu-trae/ascend_pytorch/torch_npu/distributed/rpc/backend_registry.py -> /home/runner/work/pytorch-npu-trae/pytorch-npu-trae/ascend_pytorch/build/packages/torch_npu/distributed/rpc
copying /home/runner/work/pytorch-npu-trae/pytorch-npu-trae/ascend_pytorch/torch_npu/distributed/rpc/__init__.py -> /home/runner/work/pytorch-npu-trae/pytorch-npu-trae/ascend_pytorch/build/packages/torch_npu/distributed/rpc
copying /home/runner/work/pytorch-npu-trae/pytorch-npu-trae/ascend_pytorch/torch_npu/distributed/rpc/options.py -> /home/runner/work/pytorch-npu-trae/pytorch-npu-trae/ascend_pytorch/build/packages/torch_npu/distributed/rpc
copying /home/runner/work/pytorch-npu-trae/pytorch-npu-trae/ascend_pytorch/torch_npu/_afd/_schedule_context.py -> /home/runner/work/pytorch-npu-trae/pytorch-npu-trae/ascend_pytorch/build/packages/torch_npu/_afd
copying /home/runner/work/pytorch-npu-trae/pytorch-npu-trae/ascend_pytorch/torch_npu/_afd/__init__.py -> /home/runner/work/pytorch-npu-trae/pytorch-npu-trae/ascend_pytorch/build/packages/torch_npu/_afd
copying /home/runner/work/pytorch-npu-trae/pytorch-npu-trae/ascend_pytorch/torch_npu/contrib/__init__.py -> /home/runner/work/pytorch-npu-trae/pytorch-npu-trae/ascend_pytorch/build/packages/torch_npu/contrib
copying /home/runner/work/pytorch-npu-trae/pytorch-npu-trae/ascend_pytorch/torch_npu/contrib/transfer_to_npu.py -> /home/runner/work/pytorch-npu-trae/pytorch-npu-trae/ascend_pytorch/build/packages/torch_npu/contrib
copying /home/runner/work/pytorch-npu-trae/pytorch-npu-trae/ascend_pytorch/torch_npu/contrib/module/_batchnorm_with_int32_count.py -> /home/runner/work/pytorch-npu-trae/pytorch-npu-trae/ascend_pytorch/build/packages/torch_npu/contrib/module
copying /home/runner/work/pytorch-npu-trae/pytorch-npu-trae/ascend_pytorch/torch_npu/contrib/module/npu_modules.py -> /home/runner/work/pytorch-npu-trae/pytorch-npu-trae/ascend_pytorch/build/packages/torch_npu/contrib/module
copying /home/runner/work/pytorch-npu-trae/pytorch-npu-trae/ascend_pytorch/torch_npu/contrib/module/linear_weight_quant.py -> /home/runner/work/pytorch-npu-trae/pytorch-npu-trae/ascend_pytorch/build/packages/torch_npu/contrib/module
copying /home/runner/work/pytorch-npu-trae/pytorch-npu-trae/ascend_pytorch/torch_npu/contrib/module/linear_quant.py -> /home/runner/work/pytorch-npu-trae/pytorch-npu-trae/ascend_pytorch/build/packages/torch_npu/contrib/module
copying /home/runner/work/pytorch-npu-trae/pytorch-npu-trae/ascend_pytorch/torch_npu/contrib/module/ps_roi_pooling.py -> /home/runner/work/pytorch-npu-trae/pytorch-npu-trae/ascend_pytorch/build/packages/torch_npu/contrib/module
copying /home/runner/work/pytorch-npu-trae/pytorch-npu-trae/ascend_pytorch/torch_npu/contrib/module/activations.py -> /home/runner/work/pytorch-npu-trae/pytorch-npu-trae/ascend_pytorch/build/packages/torch_npu/contrib/module
copying /home/runner/work/pytorch-npu-trae/pytorch-npu-trae/ascend_pytorch/torch_npu/contrib/module/multihead_attention.py -> /home/runner/work/pytorch-npu-trae/pytorch-npu-trae/ascend_pytorch/build/packages/torch_npu/contrib/module
copying /home/runner/work/pytorch-npu-trae/pytorch-npu-trae/ascend_pytorch/torch_npu/contrib/module/quant_conv2d.py -> /home/runner/work/pytorch-npu-trae/pytorch-npu-trae/ascend_pytorch/build/packages/torch_npu/contrib/module
copying /home/runner/work/pytorch-npu-trae/pytorch-npu-trae/ascend_pytorch/torch_npu/contrib/module/roi_align.py -> /home/runner/work/pytorch-npu-trae/pytorch-npu-trae/ascend_pytorch/build/packages/torch_npu/contrib/module
copying /home/runner/work/pytorch-npu-trae/pytorch-npu-trae/ascend_pytorch/torch_npu/contrib/module/deform_conv.py -> /home/runner/work/pytorch-npu-trae/pytorch-npu-trae/ascend_pytorch/build/packages/torch_npu/contrib/module
copying /home/runner/work/pytorch-npu-trae/pytorch-npu-trae/ascend_pytorch/torch_npu/contrib/module/batchnorm_with_int32_count.py -> /home/runner/work/pytorch-npu-trae/pytorch-npu-trae/ascend_pytorch/build/packages/torch_npu/contrib/module
copying /home/runner/work/pytorch-npu-trae/pytorch-npu-trae/ascend_pytorch/torch_npu/contrib/module/drop_path.py -> /home/runner/work/pytorch-npu-trae/pytorch-npu-trae/ascend_pytorch/build/packages/torch_npu/contrib/module
copying /home/runner/work/pytorch-npu-trae/pytorch-npu-trae/ascend_pytorch/torch_npu/contrib/module/prefetcher.py -> /home/runner/work/pytorch-npu-trae/pytorch-npu-trae/ascend_pytorch/build/packages/torch_npu/contrib/module
copying /home/runner/work/pytorch-npu-trae/pytorch-npu-trae/ascend_pytorch/torch_npu/contrib/module/linear_a8w8_quant.py -> /home/runner/work/pytorch-npu-trae/pytorch-npu-trae/ascend_pytorch/build/packages/torch_npu/contrib/module
copying /home/runner/work/pytorch-npu-trae/pytorch-npu-trae/ascend_pytorch/torch_npu/contrib/module/bidirectional_lstm.py -> /home/runner/work/pytorch-npu-trae/pytorch-npu-trae/ascend_pytorch/build/packages/torch_npu/contrib/module
copying /home/runner/work/pytorch-npu-trae/pytorch-npu-trae/ascend_pytorch/torch_npu/contrib/module/_ensemble_dropout.py -> /home/runner/work/pytorch-npu-trae/pytorch-npu-trae/ascend_pytorch/build/packages/torch_npu/contrib/module
copying /home/runner/work/pytorch-npu-trae/pytorch-npu-trae/ascend_pytorch/torch_npu/contrib/module/crossentropy.py -> /home/runner/work/pytorch-npu-trae/pytorch-npu-trae/ascend_pytorch/build/packages/torch_npu/contrib/module
copying /home/runner/work/pytorch-npu-trae/pytorch-npu-trae/ascend_pytorch/torch_npu/contrib/module/ensemble_dropout.py -> /home/runner/work/pytorch-npu-trae/pytorch-npu-trae/ascend_pytorch/build/packages/torch_npu/contrib/module
copying /home/runner/work/pytorch-npu-trae/pytorch-npu-trae/ascend_pytorch/torch_npu/contrib/module/focus.py -> /home/runner/work/pytorch-npu-trae/pytorch-npu-trae/ascend_pytorch/build/packages/torch_npu/contrib/module
copying /home/runner/work/pytorch-npu-trae/pytorch-npu-trae/ascend_pytorch/torch_npu/contrib/module/__init__.py -> /home/runner/work/pytorch-npu-trae/pytorch-npu-trae/ascend_pytorch/build/packages/torch_npu/contrib/module
copying /home/runner/work/pytorch-npu-trae/pytorch-npu-trae/ascend_pytorch/torch_npu/contrib/module/fusedcolorjitter.py -> /home/runner/work/pytorch-npu-trae/pytorch-npu-trae/ascend_pytorch/build/packages/torch_npu/contrib/module
copying /home/runner/work/pytorch-npu-trae/pytorch-npu-trae/ascend_pytorch/torch_npu/contrib/module/channel_shuffle.py -> /home/runner/work/pytorch-npu-trae/pytorch-npu-trae/ascend_pytorch/build/packages/torch_npu/contrib/module
copying /home/runner/work/pytorch-npu-trae/pytorch-npu-trae/ascend_pytorch/torch_npu/contrib/function/nms.py -> /home/runner/work/pytorch-npu-trae/pytorch-npu-trae/ascend_pytorch/build/packages/torch_npu/contrib/function
copying /home/runner/work/pytorch-npu-trae/pytorch-npu-trae/ascend_pytorch/torch_npu/contrib/function/index_op.py -> /home/runner/work/pytorch-npu-trae/pytorch-npu-trae/ascend_pytorch/build/packages/torch_npu/contrib/function
copying /home/runner/work/pytorch-npu-trae/pytorch-npu-trae/ascend_pytorch/torch_npu/contrib/function/bbox_coder.py -> /home/runner/work/pytorch-npu-trae/pytorch-npu-trae/ascend_pytorch/build/packages/torch_npu/contrib/function
copying /home/runner/work/pytorch-npu-trae/pytorch-npu-trae/ascend_pytorch/torch_npu/contrib/function/anchor_generator.py -> /home/runner/work/pytorch-npu-trae/pytorch-npu-trae/ascend_pytorch/build/packages/torch_npu/contrib/function
copying /home/runner/work/pytorch-npu-trae/pytorch-npu-trae/ascend_pytorch/torch_npu/contrib/function/roll.py -> /home/runner/work/pytorch-npu-trae/pytorch-npu-trae/ascend_pytorch/build/packages/torch_npu/contrib/function
copying /home/runner/work/pytorch-npu-trae/pytorch-npu-trae/ascend_pytorch/torch_npu/contrib/function/fuse_add_softmax_dropout.py -> /home/runner/work/pytorch-npu-trae/pytorch-npu-trae/ascend_pytorch/build/packages/torch_npu/contrib/function
copying /home/runner/work/pytorch-npu-trae/pytorch-npu-trae/ascend_pytorch/torch_npu/contrib/function/_matmul_transpose.py -> /home/runner/work/pytorch-npu-trae/pytorch-npu-trae/ascend_pytorch/build/packages/torch_npu/contrib/function
copying /home/runner/work/pytorch-npu-trae/pytorch-npu-trae/ascend_pytorch/torch_npu/contrib/function/npu_functional.py -> /home/runner/work/pytorch-npu-trae/pytorch-npu-trae/ascend_pytorch/build/packages/torch_npu/contrib/function
copying /home/runner/work/pytorch-npu-trae/pytorch-npu-trae/ascend_pytorch/torch_npu/contrib/function/__init__.py -> /home/runner/work/pytorch-npu-trae/pytorch-npu-trae/ascend_pytorch/build/packages/torch_npu/contrib/function
copying /home/runner/work/pytorch-npu-trae/pytorch-npu-trae/ascend_pytorch/torch_npu/contrib/function/fused_attention.py -> /home/runner/work/pytorch-npu-trae/pytorch-npu-trae/ascend_pytorch/build/packages/torch_npu/contrib/function
copying /home/runner/work/pytorch-npu-trae/pytorch-npu-trae/ascend_pytorch/torch_npu/contrib/function/matmul_transpose.py -> /home/runner/work/pytorch-npu-trae/pytorch-npu-trae/ascend_pytorch/build/packages/torch_npu/contrib/function
copying /home/runner/work/pytorch-npu-trae/pytorch-npu-trae/ascend_pytorch/torch_npu/contrib/function/iou.py -> /home/runner/work/pytorch-npu-trae/pytorch-npu-trae/ascend_pytorch/build/packages/torch_npu/contrib/function
copying /home/runner/work/pytorch-npu-trae/pytorch-npu-trae/ascend_pytorch/torch_npu/testing/testcase.py -> /home/runner/work/pytorch-npu-trae/pytorch-npu-trae/ascend_pytorch/build/packages/torch_npu/testing
copying /home/runner/work/pytorch-npu-trae/pytorch-npu-trae/ascend_pytorch/torch_npu/testing/decorator.py -> /home/runner/work/pytorch-npu-trae/pytorch-npu-trae/ascend_pytorch/build/packages/torch_npu/testing
copying /home/runner/work/pytorch-npu-trae/pytorch-npu-trae/ascend_pytorch/torch_npu/testing/npu_opinfo_dtypes.py -> /home/runner/work/pytorch-npu-trae/pytorch-npu-trae/ascend_pytorch/build/packages/torch_npu/testing
copying /home/runner/work/pytorch-npu-trae/pytorch-npu-trae/ascend_pytorch/torch_npu/testing/_npu_testing_utils.py -> /home/runner/work/pytorch-npu-trae/pytorch-npu-trae/ascend_pytorch/build/packages/torch_npu/testing
copying /home/runner/work/pytorch-npu-trae/pytorch-npu-trae/ascend_pytorch/torch_npu/testing/common_methods_invocations.py -> /home/runner/work/pytorch-npu-trae/pytorch-npu-trae/ascend_pytorch/build/packages/torch_npu/testing
copying /home/runner/work/pytorch-npu-trae/pytorch-npu-trae/ascend_pytorch/torch_npu/testing/common_distributed.py -> /home/runner/work/pytorch-npu-trae/pytorch-npu-trae/ascend_pytorch/build/packages/torch_npu/testing
copying /home/runner/work/pytorch-npu-trae/pytorch-npu-trae/ascend_pytorch/torch_npu/testing/__init__.py -> /home/runner/work/pytorch-npu-trae/pytorch-npu-trae/ascend_pytorch/build/packages/torch_npu/testing
copying /home/runner/work/pytorch-npu-trae/pytorch-npu-trae/ascend_pytorch/torch_npu/testing/common_utils.py -> /home/runner/work/pytorch-npu-trae/pytorch-npu-trae/ascend_pytorch/build/packages/torch_npu/testing
copying /home/runner/work/pytorch-npu-trae/pytorch-npu-trae/ascend_pytorch/torch_npu/testing/_internal/common_dtensor.py -> /home/runner/work/pytorch-npu-trae/pytorch-npu-trae/ascend_pytorch/build/packages/torch_npu/testing/_internal
copying /home/runner/work/pytorch-npu-trae/pytorch-npu-trae/ascend_pytorch/torch_npu/testing/_internal/common_fsdp.py -> /home/runner/work/pytorch-npu-trae/pytorch-npu-trae/ascend_pytorch/build/packages/torch_npu/testing/_internal
copying /home/runner/work/pytorch-npu-trae/pytorch-npu-trae/ascend_pytorch/torch_npu/_logging/_internal.py -> /home/runner/work/pytorch-npu-trae/pytorch-npu-trae/ascend_pytorch/build/packages/torch_npu/_logging
copying /home/runner/work/pytorch-npu-trae/pytorch-npu-trae/ascend_pytorch/torch_npu/_logging/__init__.py -> /home/runner/work/pytorch-npu-trae/pytorch-npu-trae/ascend_pytorch/build/packages/torch_npu/_logging
copying /home/runner/work/pytorch-npu-trae/pytorch-npu-trae/ascend_pytorch/torch_npu/profiler/_profiler_gc_detect.py -> /home/runner/work/pytorch-npu-trae/pytorch-npu-trae/ascend_pytorch/build/packages/torch_npu/profiler
copying /home/runner/work/pytorch-npu-trae/pytorch-npu-trae/ascend_pytorch/torch_npu/profiler/profiler.py -> /home/runner/work/pytorch-npu-trae/pytorch-npu-trae/ascend_pytorch/build/packages/torch_npu/profiler
copying /home/runner/work/pytorch-npu-trae/pytorch-npu-trae/ascend_pytorch/torch_npu/profiler/_profiler_path_creator.py -> /home/runner/work/pytorch-npu-trae/pytorch-npu-trae/ascend_pytorch/build/packages/torch_npu/profiler
copying /home/runner/work/pytorch-npu-trae/pytorch-npu-trae/ascend_pytorch/torch_npu/profiler/_profiler_action_controller.py -> /home/runner/work/pytorch-npu-trae/pytorch-npu-trae/ascend_pytorch/build/packages/torch_npu/profiler
copying /home/runner/work/pytorch-npu-trae/pytorch-npu-trae/ascend_pytorch/torch_npu/profiler/_non_intrusive_profile.py -> /home/runner/work/pytorch-npu-trae/pytorch-npu-trae/ascend_pytorch/build/packages/torch_npu/profiler
copying /home/runner/work/pytorch-npu-trae/pytorch-npu-trae/ascend_pytorch/torch_npu/profiler/scheduler.py -> /home/runner/work/pytorch-npu-trae/pytorch-npu-trae/ascend_pytorch/build/packages/torch_npu/profiler
copying /home/runner/work/pytorch-npu-trae/pytorch-npu-trae/ascend_pytorch/torch_npu/profiler/dynamic_profile.py -> /home/runner/work/pytorch-npu-trae/pytorch-npu-trae/ascend_pytorch/build/packages/torch_npu/profiler
copying /home/runner/work/pytorch-npu-trae/pytorch-npu-trae/ascend_pytorch/torch_npu/profiler/experimental_config.py -> /home/runner/work/pytorch-npu-trae/pytorch-npu-trae/ascend_pytorch/build/packages/torch_npu/profiler
copying /home/runner/work/pytorch-npu-trae/pytorch-npu-trae/ascend_pytorch/torch_npu/profiler/_add_mstx_patch.py -> /home/runner/work/pytorch-npu-trae/pytorch-npu-trae/ascend_pytorch/build/packages/torch_npu/profiler
copying /home/runner/work/pytorch-npu-trae/pytorch-npu-trae/ascend_pytorch/torch_npu/profiler/__init__.py -> /home/runner/work/pytorch-npu-trae/pytorch-npu-trae/ascend_pytorch/build/packages/torch_npu/profiler
copying /home/runner/work/pytorch-npu-trae/pytorch-npu-trae/ascend_pytorch/torch_npu/profiler/profiler_interface.py -> /home/runner/work/pytorch-npu-trae/pytorch-npu-trae/ascend_pytorch/build/packages/torch_npu/profiler
copying /home/runner/work/pytorch-npu-trae/pytorch-npu-trae/ascend_pytorch/torch_npu/profiler/analysis/_npu_profiler.py -> /home/runner/work/pytorch-npu-trae/pytorch-npu-trae/ascend_pytorch/build/packages/torch_npu/profiler/analysis
copying /home/runner/work/pytorch-npu-trae/pytorch-npu-trae/ascend_pytorch/torch_npu/profiler/analysis/_profiling_parser.py -> /home/runner/work/pytorch-npu-trae/pytorch-npu-trae/ascend_pytorch/build/packages/torch_npu/profiler/analysis
copying /home/runner/work/pytorch-npu-trae/pytorch-npu-trae/ascend_pytorch/torch_npu/profiler/analysis/_profiler_config.py -> /home/runner/work/pytorch-npu-trae/pytorch-npu-trae/ascend_pytorch/build/packages/torch_npu/profiler/analysis
copying /home/runner/work/pytorch-npu-trae/pytorch-npu-trae/ascend_pytorch/torch_npu/profiler/analysis/__init__.py -> /home/runner/work/pytorch-npu-trae/pytorch-npu-trae/ascend_pytorch/build/packages/torch_npu/profiler/analysis
copying /home/runner/work/pytorch-npu-trae/pytorch-npu-trae/ascend_pytorch/torch_npu/profiler/analysis/prof_config/_fwk_file_parser_config.py -> /home/runner/work/pytorch-npu-trae/pytorch-npu-trae/ascend_pytorch/build/packages/torch_npu/profiler/analysis/prof_config
copying /home/runner/work/pytorch-npu-trae/pytorch-npu-trae/ascend_pytorch/torch_npu/profiler/analysis/prof_config/_parser_deps_config.py -> /home/runner/work/pytorch-npu-trae/pytorch-npu-trae/ascend_pytorch/build/packages/torch_npu/profiler/analysis/prof_config
copying /home/runner/work/pytorch-npu-trae/pytorch-npu-trae/ascend_pytorch/torch_npu/profiler/analysis/prof_config/_parser_config.py -> /home/runner/work/pytorch-npu-trae/pytorch-npu-trae/ascend_pytorch/build/packages/torch_npu/profiler/analysis/prof_config
copying /home/runner/work/pytorch-npu-trae/pytorch-npu-trae/ascend_pytorch/torch_npu/profiler/analysis/prof_config/__init__.py -> /home/runner/work/pytorch-npu-trae/pytorch-npu-trae/ascend_pytorch/build/packages/torch_npu/profiler/analysis/prof_config
copying /home/runner/work/pytorch-npu-trae/pytorch-npu-trae/ascend_pytorch/torch_npu/profiler/analysis/prof_common_func/_utils.py -> /home/runner/work/pytorch-npu-trae/pytorch-npu-trae/ascend_pytorch/build/packages/torch_npu/profiler/analysis/prof_common_func
copying /home/runner/work/pytorch-npu-trae/pytorch-npu-trae/ascend_pytorch/torch_npu/profiler/analysis/prof_common_func/_constant.py -> /home/runner/work/pytorch-npu-trae/pytorch-npu-trae/ascend_pytorch/build/packages/torch_npu/profiler/analysis/prof_common_func
copying /home/runner/work/pytorch-npu-trae/pytorch-npu-trae/ascend_pytorch/torch_npu/profiler/analysis/prof_common_func/_file_manager.py -> /home/runner/work/pytorch-npu-trae/pytorch-npu-trae/ascend_pytorch/build/packages/torch_npu/profiler/analysis/prof_common_func
copying /home/runner/work/pytorch-npu-trae/pytorch-npu-trae/ascend_pytorch/torch_npu/profiler/analysis/prof_common_func/_id_manager.py -> /home/runner/work/pytorch-npu-trae/pytorch-npu-trae/ascend_pytorch/build/packages/torch_npu/profiler/analysis/prof_common_func
copying /home/runner/work/pytorch-npu-trae/pytorch-npu-trae/ascend_pytorch/torch_npu/profiler/analysis/prof_common_func/_singleton.py -> /home/runner/work/pytorch-npu-trae/pytorch-npu-trae/ascend_pytorch/build/packages/torch_npu/profiler/analysis/prof_common_func
copying /home/runner/work/pytorch-npu-trae/pytorch-npu-trae/ascend_pytorch/torch_npu/profiler/analysis/prof_common_func/_log.py -> /home/runner/work/pytorch-npu-trae/pytorch-npu-trae/ascend_pytorch/build/packages/torch_npu/profiler/analysis/prof_common_func
copying /home/runner/work/pytorch-npu-trae/pytorch-npu-trae/ascend_pytorch/torch_npu/profiler/analysis/prof_common_func/_file_tag.py -> /home/runner/work/pytorch-npu-trae/pytorch-npu-trae/ascend_pytorch/build/packages/torch_npu/profiler/analysis/prof_common_func
copying /home/runner/work/pytorch-npu-trae/pytorch-npu-trae/ascend_pytorch/torch_npu/profiler/analysis/prof_common_func/_tree_builder.py -> /home/runner/work/pytorch-npu-trae/pytorch-npu-trae/ascend_pytorch/build/packages/torch_npu/profiler/analysis/prof_common_func
copying /home/runner/work/pytorch-npu-trae/pytorch-npu-trae/ascend_pytorch/torch_npu/profiler/analysis/prof_common_func/_host_info.py -> /home/runner/work/pytorch-npu-trae/pytorch-npu-trae/ascend_pytorch/build/packages/torch_npu/profiler/analysis/prof_common_func
copying /home/runner/work/pytorch-npu-trae/pytorch-npu-trae/ascend_pytorch/torch_npu/profiler/analysis/prof_common_func/_csv_headers.py -> /home/runner/work/pytorch-npu-trae/pytorch-npu-trae/ascend_pytorch/build/packages/torch_npu/profiler/analysis/prof_common_func
copying /home/runner/work/pytorch-npu-trae/pytorch-npu-trae/ascend_pytorch/torch_npu/profiler/analysis/prof_common_func/_tlv_decoder.py -> /home/runner/work/pytorch-npu-trae/pytorch-npu-trae/ascend_pytorch/build/packages/torch_npu/profiler/analysis/prof_common_func
copying /home/runner/work/pytorch-npu-trae/pytorch-npu-trae/ascend_pytorch/torch_npu/profiler/analysis/prof_common_func/_feature_manager.py -> /home/runner/work/pytorch-npu-trae/pytorch-npu-trae/ascend_pytorch/build/packages/torch_npu/profiler/analysis/prof_common_func
copying /home/runner/work/pytorch-npu-trae/pytorch-npu-trae/ascend_pytorch/torch_npu/profiler/analysis/prof_common_func/_binary_decoder.py -> /home/runner/work/pytorch-npu-trae/pytorch-npu-trae/ascend_pytorch/build/packages/torch_npu/profiler/analysis/prof_common_func
copying /home/runner/work/pytorch-npu-trae/pytorch-npu-trae/ascend_pytorch/torch_npu/profiler/analysis/prof_common_func/_trace_event_manager.py -> /home/runner/work/pytorch-npu-trae/pytorch-npu-trae/ascend_pytorch/build/packages/torch_npu/profiler/analysis/prof_common_func
copying /home/runner/work/pytorch-npu-trae/pytorch-npu-trae/ascend_pytorch/torch_npu/profiler/analysis/prof_common_func/_time_range_calculator.py -> /home/runner/work/pytorch-npu-trae/pytorch-npu-trae/ascend_pytorch/build/packages/torch_npu/profiler/analysis/prof_common_func
copying /home/runner/work/pytorch-npu-trae/pytorch-npu-trae/ascend_pytorch/torch_npu/profiler/analysis/prof_common_func/_cann_package_manager.py -> /home/runner/work/pytorch-npu-trae/pytorch-npu-trae/ascend_pytorch/build/packages/torch_npu/profiler/analysis/prof_common_func
copying /home/runner/work/pytorch-npu-trae/pytorch-npu-trae/ascend_pytorch/torch_npu/profiler/analysis/prof_common_func/__init__.py -> /home/runner/work/pytorch-npu-trae/pytorch-npu-trae/ascend_pytorch/build/packages/torch_npu/profiler/analysis/prof_common_func
copying /home/runner/work/pytorch-npu-trae/pytorch-npu-trae/ascend_pytorch/torch_npu/profiler/analysis/prof_common_func/_multi_process_pool.py -> /home/runner/work/pytorch-npu-trae/pytorch-npu-trae/ascend_pytorch/build/packages/torch_npu/profiler/analysis/prof_common_func
copying /home/runner/work/pytorch-npu-trae/pytorch-npu-trae/ascend_pytorch/torch_npu/profiler/analysis/prof_common_func/_db_manager.py -> /home/runner/work/pytorch-npu-trae/pytorch-npu-trae/ascend_pytorch/build/packages/torch_npu/profiler/analysis/prof_common_func
copying /home/runner/work/pytorch-npu-trae/pytorch-npu-trae/ascend_pytorch/torch_npu/profiler/analysis/prof_common_func/_task_manager.py -> /home/runner/work/pytorch-npu-trae/pytorch-npu-trae/ascend_pytorch/build/packages/torch_npu/profiler/analysis/prof_common_func
copying /home/runner/work/pytorch-npu-trae/pytorch-npu-trae/ascend_pytorch/torch_npu/profiler/analysis/prof_common_func/_path_manager.py -> /home/runner/work/pytorch-npu-trae/pytorch-npu-trae/ascend_pytorch/build/packages/torch_npu/profiler/analysis/prof_common_func
copying /home/runner/work/pytorch-npu-trae/pytorch-npu-trae/ascend_pytorch/torch_npu/profiler/analysis/prof_parse/_cann_file_parser.py -> /home/runner/work/pytorch-npu-trae/pytorch-npu-trae/ascend_pytorch/build/packages/torch_npu/profiler/analysis/prof_parse
copying /home/runner/work/pytorch-npu-trae/pytorch-npu-trae/ascend_pytorch/torch_npu/profiler/analysis/prof_parse/_python_trace_parser.py -> /home/runner/work/pytorch-npu-trae/pytorch-npu-trae/ascend_pytorch/build/packages/torch_npu/profiler/analysis/prof_parse
copying /home/runner/work/pytorch-npu-trae/pytorch-npu-trae/ascend_pytorch/torch_npu/profiler/analysis/prof_parse/_fwk_cann_relation_parser.py -> /home/runner/work/pytorch-npu-trae/pytorch-npu-trae/ascend_pytorch/build/packages/torch_npu/profiler/analysis/prof_parse
copying /home/runner/work/pytorch-npu-trae/pytorch-npu-trae/ascend_pytorch/torch_npu/profiler/analysis/prof_parse/_fwk_file_parser.py -> /home/runner/work/pytorch-npu-trae/pytorch-npu-trae/ascend_pytorch/build/packages/torch_npu/profiler/analysis/prof_parse
copying /home/runner/work/pytorch-npu-trae/pytorch-npu-trae/ascend_pytorch/torch_npu/profiler/analysis/prof_parse/_event_tree_parser.py -> /home/runner/work/pytorch-npu-trae/pytorch-npu-trae/ascend_pytorch/build/packages/torch_npu/profiler/analysis/prof_parse
copying /home/runner/work/pytorch-npu-trae/pytorch-npu-trae/ascend_pytorch/torch_npu/profiler/analysis/prof_parse/__init__.py -> /home/runner/work/pytorch-npu-trae/pytorch-npu-trae/ascend_pytorch/build/packages/torch_npu/profiler/analysis/prof_parse
copying /home/runner/work/pytorch-npu-trae/pytorch-npu-trae/ascend_pytorch/torch_npu/profiler/analysis/prof_bean/_op_mark_bean.py -> /home/runner/work/pytorch-npu-trae/pytorch-npu-trae/ascend_pytorch/build/packages/torch_npu/profiler/analysis/prof_bean
copying /home/runner/work/pytorch-npu-trae/pytorch-npu-trae/ascend_pytorch/torch_npu/profiler/analysis/prof_bean/_ge_memory_record_bean.py -> /home/runner/work/pytorch-npu-trae/pytorch-npu-trae/ascend_pytorch/build/packages/torch_npu/profiler/analysis/prof_bean
copying /home/runner/work/pytorch-npu-trae/pytorch-npu-trae/ascend_pytorch/torch_npu/profiler/analysis/prof_bean/_npu_mem_bean.py -> /home/runner/work/pytorch-npu-trae/pytorch-npu-trae/ascend_pytorch/build/packages/torch_npu/profiler/analysis/prof_bean
copying /home/runner/work/pytorch-npu-trae/pytorch-npu-trae/ascend_pytorch/torch_npu/profiler/analysis/prof_bean/_event_bean.py -> /home/runner/work/pytorch-npu-trae/pytorch-npu-trae/ascend_pytorch/build/packages/torch_npu/profiler/analysis/prof_bean
copying /home/runner/work/pytorch-npu-trae/pytorch-npu-trae/ascend_pytorch/torch_npu/profiler/analysis/prof_bean/_torch_op_bean.py -> /home/runner/work/pytorch-npu-trae/pytorch-npu-trae/ascend_pytorch/build/packages/torch_npu/profiler/analysis/prof_bean
copying /home/runner/work/pytorch-npu-trae/pytorch-npu-trae/ascend_pytorch/torch_npu/profiler/analysis/prof_bean/_torch_op_node.py -> /home/runner/work/pytorch-npu-trae/pytorch-npu-trae/ascend_pytorch/build/packages/torch_npu/profiler/analysis/prof_bean
copying /home/runner/work/pytorch-npu-trae/pytorch-npu-trae/ascend_pytorch/torch_npu/profiler/analysis/prof_bean/_pcie_bean.py -> /home/runner/work/pytorch-npu-trae/pytorch-npu-trae/ascend_pytorch/build/packages/torch_npu/profiler/analysis/prof_bean
copying /home/runner/work/pytorch-npu-trae/pytorch-npu-trae/ascend_pytorch/torch_npu/profiler/analysis/prof_bean/_common_bean.py -> /home/runner/work/pytorch-npu-trae/pytorch-npu-trae/ascend_pytorch/build/packages/torch_npu/profiler/analysis/prof_bean
copying /home/runner/work/pytorch-npu-trae/pytorch-npu-trae/ascend_pytorch/torch_npu/profiler/analysis/prof_bean/_gc_record_bean.py -> /home/runner/work/pytorch-npu-trae/pytorch-npu-trae/ascend_pytorch/build/packages/torch_npu/profiler/analysis/prof_bean
copying /home/runner/work/pytorch-npu-trae/pytorch-npu-trae/ascend_pytorch/torch_npu/profiler/analysis/prof_bean/_memory_use_bean.py -> /home/runner/work/pytorch-npu-trae/pytorch-npu-trae/ascend_pytorch/build/packages/torch_npu/profiler/analysis/prof_bean
copying /home/runner/work/pytorch-npu-trae/pytorch-npu-trae/ascend_pytorch/torch_npu/profiler/analysis/prof_bean/_ge_op_memory_bean.py -> /home/runner/work/pytorch-npu-trae/pytorch-npu-trae/ascend_pytorch/build/packages/torch_npu/profiler/analysis/prof_bean
copying /home/runner/work/pytorch-npu-trae/pytorch-npu-trae/ascend_pytorch/torch_npu/profiler/analysis/prof_bean/_ai_cpu_bean.py -> /home/runner/work/pytorch-npu-trae/pytorch-npu-trae/ascend_pytorch/build/packages/torch_npu/profiler/analysis/prof_bean
copying /home/runner/work/pytorch-npu-trae/pytorch-npu-trae/ascend_pytorch/torch_npu/profiler/analysis/prof_bean/_python_tracer_func_bean.py -> /home/runner/work/pytorch-npu-trae/pytorch-npu-trae/ascend_pytorch/build/packages/torch_npu/profiler/analysis/prof_bean
copying /home/runner/work/pytorch-npu-trae/pytorch-npu-trae/ascend_pytorch/torch_npu/profiler/analysis/prof_bean/_python_tracer_hash_bean.py -> /home/runner/work/pytorch-npu-trae/pytorch-npu-trae/ascend_pytorch/build/packages/torch_npu/profiler/analysis/prof_bean
copying /home/runner/work/pytorch-npu-trae/pytorch-npu-trae/ascend_pytorch/torch_npu/profiler/analysis/prof_bean/_l2_cache_bean.py -> /home/runner/work/pytorch-npu-trae/pytorch-npu-trae/ascend_pytorch/build/packages/torch_npu/profiler/analysis/prof_bean
copying /home/runner/work/pytorch-npu-trae/pytorch-npu-trae/ascend_pytorch/torch_npu/profiler/analysis/prof_bean/_roce_bean.py -> /home/runner/work/pytorch-npu-trae/pytorch-npu-trae/ascend_pytorch/build/packages/torch_npu/profiler/analysis/prof_bean
copying /home/runner/work/pytorch-npu-trae/pytorch-npu-trae/ascend_pytorch/torch_npu/profiler/analysis/prof_bean/_op_statistic_bean.py -> /home/runner/work/pytorch-npu-trae/pytorch-npu-trae/ascend_pytorch/build/packages/torch_npu/profiler/analysis/prof_bean
copying /home/runner/work/pytorch-npu-trae/pytorch-npu-trae/ascend_pytorch/torch_npu/profiler/analysis/prof_bean/_step_trace_bean.py -> /home/runner/work/pytorch-npu-trae/pytorch-npu-trae/ascend_pytorch/build/packages/torch_npu/profiler/analysis/prof_bean
copying /home/runner/work/pytorch-npu-trae/pytorch-npu-trae/ascend_pytorch/torch_npu/profiler/analysis/prof_bean/_node_info_bean.py -> /home/runner/work/pytorch-npu-trae/pytorch-npu-trae/ascend_pytorch/build/packages/torch_npu/profiler/analysis/prof_bean
copying /home/runner/work/pytorch-npu-trae/pytorch-npu-trae/ascend_pytorch/torch_npu/profiler/analysis/prof_bean/__init__.py -> /home/runner/work/pytorch-npu-trae/pytorch-npu-trae/ascend_pytorch/build/packages/torch_npu/profiler/analysis/prof_bean
copying /home/runner/work/pytorch-npu-trae/pytorch-npu-trae/ascend_pytorch/torch_npu/profiler/analysis/prof_bean/_hccs_bean.py -> /home/runner/work/pytorch-npu-trae/pytorch-npu-trae/ascend_pytorch/build/packages/torch_npu/profiler/analysis/prof_bean
copying /home/runner/work/pytorch-npu-trae/pytorch-npu-trae/ascend_pytorch/torch_npu/profiler/analysis/prof_bean/_nic_bean.py -> /home/runner/work/pytorch-npu-trae/pytorch-npu-trae/ascend_pytorch/build/packages/torch_npu/profiler/analysis/prof_bean
copying /home/runner/work/pytorch-npu-trae/pytorch-npu-trae/ascend_pytorch/torch_npu/profiler/analysis/prof_bean/_npu_module_mem_bean.py -> /home/runner/work/pytorch-npu-trae/pytorch-npu-trae/ascend_pytorch/build/packages/torch_npu/profiler/analysis/prof_bean
copying /home/runner/work/pytorch-npu-trae/pytorch-npu-trae/ascend_pytorch/torch_npu/profiler/analysis/prof_bean/_op_summary_bean.py -> /home/runner/work/pytorch-npu-trae/pytorch-npu-trae/ascend_pytorch/build/packages/torch_npu/profiler/analysis/prof_bean
copying /home/runner/work/pytorch-npu-trae/pytorch-npu-trae/ascend_pytorch/torch_npu/profiler/analysis/prof_bean/_api_statistic_bean.py -> /home/runner/work/pytorch-npu-trae/pytorch-npu-trae/ascend_pytorch/build/packages/torch_npu/profiler/analysis/prof_bean
copying /home/runner/work/pytorch-npu-trae/pytorch-npu-trae/ascend_pytorch/torch_npu/profiler/analysis/prof_bean/_param_tensor_bean.py -> /home/runner/work/pytorch-npu-trae/pytorch-npu-trae/ascend_pytorch/build/packages/torch_npu/profiler/analysis/prof_bean
copying /home/runner/work/pytorch-npu-trae/pytorch-npu-trae/ascend_pytorch/torch_npu/profiler/analysis/prof_view/_operator_view_parser.py -> /home/runner/work/pytorch-npu-trae/pytorch-npu-trae/ascend_pytorch/build/packages/torch_npu/profiler/analysis/prof_view
copying /home/runner/work/pytorch-npu-trae/pytorch-npu-trae/ascend_pytorch/torch_npu/profiler/analysis/prof_view/_memory_prepare_parser.py -> /home/runner/work/pytorch-npu-trae/pytorch-npu-trae/ascend_pytorch/build/packages/torch_npu/profiler/analysis/prof_view
copying /home/runner/work/pytorch-npu-trae/pytorch-npu-trae/ascend_pytorch/torch_npu/profiler/analysis/prof_view/_stack_view_parser.py -> /home/runner/work/pytorch-npu-trae/pytorch-npu-trae/ascend_pytorch/build/packages/torch_npu/profiler/analysis/prof_view
copying /home/runner/work/pytorch-npu-trae/pytorch-npu-trae/ascend_pytorch/torch_npu/profiler/analysis/prof_view/_memory_timeline_parser.py -> /home/runner/work/pytorch-npu-trae/pytorch-npu-trae/ascend_pytorch/build/packages/torch_npu/profiler/analysis/prof_view
copying /home/runner/work/pytorch-npu-trae/pytorch-npu-trae/ascend_pytorch/torch_npu/profiler/analysis/prof_view/_memory_view_parser.py -> /home/runner/work/pytorch-npu-trae/pytorch-npu-trae/ascend_pytorch/build/packages/torch_npu/profiler/analysis/prof_view
copying /home/runner/work/pytorch-npu-trae/pytorch-npu-trae/ascend_pytorch/torch_npu/profiler/analysis/prof_view/_trace_view_parser.py -> /home/runner/work/pytorch-npu-trae/pytorch-npu-trae/ascend_pytorch/build/packages/torch_npu/profiler/analysis/prof_view
copying /home/runner/work/pytorch-npu-trae/pytorch-npu-trae/ascend_pytorch/torch_npu/profiler/analysis/prof_view/_communication_parser.py -> /home/runner/work/pytorch-npu-trae/pytorch-npu-trae/ascend_pytorch/build/packages/torch_npu/profiler/analysis/prof_view
copying /home/runner/work/pytorch-npu-trae/pytorch-npu-trae/ascend_pytorch/torch_npu/profiler/analysis/prof_view/__init__.py -> /home/runner/work/pytorch-npu-trae/pytorch-npu-trae/ascend_pytorch/build/packages/torch_npu/profiler/analysis/prof_view
copying /home/runner/work/pytorch-npu-trae/pytorch-npu-trae/ascend_pytorch/torch_npu/profiler/analysis/prof_view/_trace_step_time_parser.py -> /home/runner/work/pytorch-npu-trae/pytorch-npu-trae/ascend_pytorch/build/packages/torch_npu/profiler/analysis/prof_view
copying /home/runner/work/pytorch-npu-trae/pytorch-npu-trae/ascend_pytorch/torch_npu/profiler/analysis/prof_view/_integrate_parser.py -> /home/runner/work/pytorch-npu-trae/pytorch-npu-trae/ascend_pytorch/build/packages/torch_npu/profiler/analysis/prof_view
copying /home/runner/work/pytorch-npu-trae/pytorch-npu-trae/ascend_pytorch/torch_npu/profiler/analysis/prof_view/_kernel_view_parser.py -> /home/runner/work/pytorch-npu-trae/pytorch-npu-trae/ascend_pytorch/build/packages/torch_npu/profiler/analysis/prof_view
copying /home/runner/work/pytorch-npu-trae/pytorch-npu-trae/ascend_pytorch/torch_npu/profiler/analysis/prof_view/_base_parser.py -> /home/runner/work/pytorch-npu-trae/pytorch-npu-trae/ascend_pytorch/build/packages/torch_npu/profiler/analysis/prof_view
copying /home/runner/work/pytorch-npu-trae/pytorch-npu-trae/ascend_pytorch/torch_npu/profiler/analysis/prof_view/prof_db_parse/_basic_db_parser.py -> /home/runner/work/pytorch-npu-trae/pytorch-npu-trae/ascend_pytorch/build/packages/torch_npu/profiler/analysis/prof_view/prof_db_parse
copying /home/runner/work/pytorch-npu-trae/pytorch-npu-trae/ascend_pytorch/torch_npu/profiler/analysis/prof_view/prof_db_parse/_communication_db_parser.py -> /home/runner/work/pytorch-npu-trae/pytorch-npu-trae/ascend_pytorch/build/packages/torch_npu/profiler/analysis/prof_view/prof_db_parse
copying /home/runner/work/pytorch-npu-trae/pytorch-npu-trae/ascend_pytorch/torch_npu/profiler/analysis/prof_view/prof_db_parse/_db_parser.py -> /home/runner/work/pytorch-npu-trae/pytorch-npu-trae/ascend_pytorch/build/packages/torch_npu/profiler/analysis/prof_view/prof_db_parse
copying /home/runner/work/pytorch-npu-trae/pytorch-npu-trae/ascend_pytorch/torch_npu/profiler/analysis/prof_view/prof_db_parse/_memory_db_parser.py -> /home/runner/work/pytorch-npu-trae/pytorch-npu-trae/ascend_pytorch/build/packages/torch_npu/profiler/analysis/prof_view/prof_db_parse
copying /home/runner/work/pytorch-npu-trae/pytorch-npu-trae/ascend_pytorch/torch_npu/profiler/analysis/prof_view/prof_db_parse/_gc_record_db_parser.py -> /home/runner/work/pytorch-npu-trae/pytorch-npu-trae/ascend_pytorch/build/packages/torch_npu/profiler/analysis/prof_view/prof_db_parse
copying /home/runner/work/pytorch-npu-trae/pytorch-npu-trae/ascend_pytorch/torch_npu/profiler/analysis/prof_view/prof_db_parse/_fwk_api_db_parser.py -> /home/runner/work/pytorch-npu-trae/pytorch-npu-trae/ascend_pytorch/build/packages/torch_npu/profiler/analysis/prof_view/prof_db_parse
copying /home/runner/work/pytorch-npu-trae/pytorch-npu-trae/ascend_pytorch/torch_npu/profiler/analysis/prof_view/prof_db_parse/_trace_step_time_db_parser.py -> /home/runner/work/pytorch-npu-trae/pytorch-npu-trae/ascend_pytorch/build/packages/torch_npu/profiler/analysis/prof_view/prof_db_parse
copying /home/runner/work/pytorch-npu-trae/pytorch-npu-trae/ascend_pytorch/torch_npu/profiler/analysis/prof_view/prof_db_parse/__init__.py -> /home/runner/work/pytorch-npu-trae/pytorch-npu-trae/ascend_pytorch/build/packages/torch_npu/profiler/analysis/prof_view/prof_db_parse
copying /home/runner/work/pytorch-npu-trae/pytorch-npu-trae/ascend_pytorch/torch_npu/profiler/analysis/prof_view/prof_db_parse/_step_info_db_parser.py -> /home/runner/work/pytorch-npu-trae/pytorch-npu-trae/ascend_pytorch/build/packages/torch_npu/profiler/analysis/prof_view/prof_db_parse
copying /home/runner/work/pytorch-npu-trae/pytorch-npu-trae/ascend_pytorch/torch_npu/profiler/analysis/prof_view/prepare_parse/_fwk_pre_parser.py -> /home/runner/work/pytorch-npu-trae/pytorch-npu-trae/ascend_pytorch/build/packages/torch_npu/profiler/analysis/prof_view/prepare_parse
copying /home/runner/work/pytorch-npu-trae/pytorch-npu-trae/ascend_pytorch/torch_npu/profiler/analysis/prof_view/prepare_parse/__init__.py -> /home/runner/work/pytorch-npu-trae/pytorch-npu-trae/ascend_pytorch/build/packages/torch_npu/profiler/analysis/prof_view/prepare_parse
copying /home/runner/work/pytorch-npu-trae/pytorch-npu-trae/ascend_pytorch/torch_npu/profiler/analysis/prof_view/prepare_parse/_relation_parser.py -> /home/runner/work/pytorch-npu-trae/pytorch-npu-trae/ascend_pytorch/build/packages/torch_npu/profiler/analysis/prof_view/prepare_parse
copying /home/runner/work/pytorch-npu-trae/pytorch-npu-trae/ascend_pytorch/torch_npu/profiler/analysis/prof_view/cann_parse/_cann_analyze.py -> /home/runner/work/pytorch-npu-trae/pytorch-npu-trae/ascend_pytorch/build/packages/torch_npu/profiler/analysis/prof_view/cann_parse
copying /home/runner/work/pytorch-npu-trae/pytorch-npu-trae/ascend_pytorch/torch_npu/profiler/analysis/prof_view/cann_parse/_cann_export.py -> /home/runner/work/pytorch-npu-trae/pytorch-npu-trae/ascend_pytorch/build/packages/torch_npu/profiler/analysis/prof_view/cann_parse
copying /home/runner/work/pytorch-npu-trae/pytorch-npu-trae/ascend_pytorch/torch_npu/profiler/analysis/prof_view/cann_parse/__init__.py -> /home/runner/work/pytorch-npu-trae/pytorch-npu-trae/ascend_pytorch/build/packages/torch_npu/profiler/analysis/prof_view/cann_parse
copying /home/runner/work/pytorch-npu-trae/pytorch-npu-trae/ascend_pytorch/torch_npu/profiler/_dynamic_profiler/_dynamic_profiler_config_context.py -> /home/runner/work/pytorch-npu-trae/pytorch-npu-trae/ascend_pytorch/build/packages/torch_npu/profiler/_dynamic_profiler
copying /home/runner/work/pytorch-npu-trae/pytorch-npu-trae/ascend_pytorch/torch_npu/profiler/_dynamic_profiler/_dynamic_profiler_utils.py -> /home/runner/work/pytorch-npu-trae/pytorch-npu-trae/ascend_pytorch/build/packages/torch_npu/profiler/_dynamic_profiler
copying /home/runner/work/pytorch-npu-trae/pytorch-npu-trae/ascend_pytorch/torch_npu/profiler/_dynamic_profiler/_dynamic_profiler_monitor.py -> /home/runner/work/pytorch-npu-trae/pytorch-npu-trae/ascend_pytorch/build/packages/torch_npu/profiler/_dynamic_profiler
copying /home/runner/work/pytorch-npu-trae/pytorch-npu-trae/ascend_pytorch/torch_npu/profiler/_dynamic_profiler/_dynamic_profiler_monitor_shm.py -> /home/runner/work/pytorch-npu-trae/pytorch-npu-trae/ascend_pytorch/build/packages/torch_npu/profiler/_dynamic_profiler
copying /home/runner/work/pytorch-npu-trae/pytorch-npu-trae/ascend_pytorch/torch_npu/profiler/_dynamic_profiler/_dynamic_monitor_proxy.py -> /home/runner/work/pytorch-npu-trae/pytorch-npu-trae/ascend_pytorch/build/packages/torch_npu/profiler/_dynamic_profiler
copying /home/runner/work/pytorch-npu-trae/pytorch-npu-trae/ascend_pytorch/torch_npu/profiler/_dynamic_profiler/__init__.py -> /home/runner/work/pytorch-npu-trae/pytorch-npu-trae/ascend_pytorch/build/packages/torch_npu/profiler/_dynamic_profiler
copying /home/runner/work/pytorch-npu-trae/pytorch-npu-trae/ascend_pytorch/torch_npu/asd/asd.py -> /home/runner/work/pytorch-npu-trae/pytorch-npu-trae/ascend_pytorch/build/packages/torch_npu/asd
copying /home/runner/work/pytorch-npu-trae/pytorch-npu-trae/ascend_pytorch/torch_npu/asd/_silent_fault_data.py -> /home/runner/work/pytorch-npu-trae/pytorch-npu-trae/ascend_pytorch/build/packages/torch_npu/asd
copying /home/runner/work/pytorch-npu-trae/pytorch-npu-trae/ascend_pytorch/torch_npu/asd/silent_fault_data.py -> /home/runner/work/pytorch-npu-trae/pytorch-npu-trae/ascend_pytorch/build/packages/torch_npu/asd
copying /home/runner/work/pytorch-npu-trae/pytorch-npu-trae/ascend_pytorch/torch_npu/asd/checksum.py -> /home/runner/work/pytorch-npu-trae/pytorch-npu-trae/ascend_pytorch/build/packages/torch_npu/asd
copying /home/runner/work/pytorch-npu-trae/pytorch-npu-trae/ascend_pytorch/torch_npu/asd/__init__.py -> /home/runner/work/pytorch-npu-trae/pytorch-npu-trae/ascend_pytorch/build/packages/torch_npu/asd
copying /home/runner/work/pytorch-npu-trae/pytorch-npu-trae/ascend_pytorch/torch_npu/optim/npu_fused_adamp.py -> /home/runner/work/pytorch-npu-trae/pytorch-npu-trae/ascend_pytorch/build/packages/torch_npu/optim
copying /home/runner/work/pytorch-npu-trae/pytorch-npu-trae/ascend_pytorch/torch_npu/optim/npu_fused_adamw.py -> /home/runner/work/pytorch-npu-trae/pytorch-npu-trae/ascend_pytorch/build/packages/torch_npu/optim
copying /home/runner/work/pytorch-npu-trae/pytorch-npu-trae/ascend_pytorch/torch_npu/optim/npu_fused_rmsprop_tf.py -> /home/runner/work/pytorch-npu-trae/pytorch-npu-trae/ascend_pytorch/build/packages/torch_npu/optim
copying /home/runner/work/pytorch-npu-trae/pytorch-npu-trae/ascend_pytorch/torch_npu/optim/npu_fused_adadelta.py -> /home/runner/work/pytorch-npu-trae/pytorch-npu-trae/ascend_pytorch/build/packages/torch_npu/optim
copying /home/runner/work/pytorch-npu-trae/pytorch-npu-trae/ascend_pytorch/torch_npu/optim/npu_fused_optim_base.py -> /home/runner/work/pytorch-npu-trae/pytorch-npu-trae/ascend_pytorch/build/packages/torch_npu/optim
copying /home/runner/work/pytorch-npu-trae/pytorch-npu-trae/ascend_pytorch/torch_npu/optim/npu_fused_rmsprop.py -> /home/runner/work/pytorch-npu-trae/pytorch-npu-trae/ascend_pytorch/build/packages/torch_npu/optim
copying /home/runner/work/pytorch-npu-trae/pytorch-npu-trae/ascend_pytorch/torch_npu/optim/npu_fused_bert_adam.py -> /home/runner/work/pytorch-npu-trae/pytorch-npu-trae/ascend_pytorch/build/packages/torch_npu/optim
copying /home/runner/work/pytorch-npu-trae/pytorch-npu-trae/ascend_pytorch/torch_npu/optim/npu_fused_lamb.py -> /home/runner/work/pytorch-npu-trae/pytorch-npu-trae/ascend_pytorch/build/packages/torch_npu/optim
copying /home/runner/work/pytorch-npu-trae/pytorch-npu-trae/ascend_pytorch/torch_npu/optim/npu_fused_adam.py -> /home/runner/work/pytorch-npu-trae/pytorch-npu-trae/ascend_pytorch/build/packages/torch_npu/optim
copying /home/runner/work/pytorch-npu-trae/pytorch-npu-trae/ascend_pytorch/torch_npu/optim/npu_fused_sgd.py -> /home/runner/work/pytorch-npu-trae/pytorch-npu-trae/ascend_pytorch/build/packages/torch_npu/optim
copying /home/runner/work/pytorch-npu-trae/pytorch-npu-trae/ascend_pytorch/torch_npu/optim/__init__.py -> /home/runner/work/pytorch-npu-trae/pytorch-npu-trae/ascend_pytorch/build/packages/torch_npu/optim
copying /home/runner/work/pytorch-npu-trae/pytorch-npu-trae/ascend_pytorch/torch_npu/dynamo/trace_rule.py -> /home/runner/work/pytorch-npu-trae/pytorch-npu-trae/ascend_pytorch/build/packages/torch_npu/dynamo
copying /home/runner/work/pytorch-npu-trae/pytorch-npu-trae/ascend_pytorch/torch_npu/dynamo/__init__.py -> /home/runner/work/pytorch-npu-trae/pytorch-npu-trae/ascend_pytorch/build/packages/torch_npu/dynamo
copying /home/runner/work/pytorch-npu-trae/pytorch-npu-trae/ascend_pytorch/torch_npu/multiprocessing/reductions.py -> /home/runner/work/pytorch-npu-trae/pytorch-npu-trae/ascend_pytorch/build/packages/torch_npu/multiprocessing
copying /home/runner/work/pytorch-npu-trae/pytorch-npu-trae/ascend_pytorch/torch_npu/jit/register_fusion_pattern.py -> /home/runner/work/pytorch-npu-trae/pytorch-npu-trae/ascend_pytorch/build/packages/torch_npu/jit
copying /home/runner/work/pytorch-npu-trae/pytorch-npu-trae/ascend_pytorch/torch_npu/jit/__init__.py -> /home/runner/work/pytorch-npu-trae/pytorch-npu-trae/ascend_pytorch/build/packages/torch_npu/jit
copying /home/runner/work/pytorch-npu-trae/pytorch-npu-trae/ascend_pytorch/torch_npu/jit/fusion_pass/__init__.py -> /home/runner/work/pytorch-npu-trae/pytorch-npu-trae/ascend_pytorch/build/packages/torch_npu/jit/fusion_pass
copying /home/runner/work/pytorch-npu-trae/pytorch-npu-trae/ascend_pytorch/torch_npu/jit/fusion_pass/fast_gelu.py -> /home/runner/work/pytorch-npu-trae/pytorch-npu-trae/ascend_pytorch/build/packages/torch_npu/jit/fusion_pass
copying /home/runner/work/pytorch-npu-trae/pytorch-npu-trae/ascend_pytorch/torch_npu/_inductor/lowering_op_list.py -> /home/runner/work/pytorch-npu-trae/pytorch-npu-trae/ascend_pytorch/build/packages/torch_npu/_inductor
copying /home/runner/work/pytorch-npu-trae/pytorch-npu-trae/ascend_pytorch/torch_npu/_inductor/codecache.py -> /home/runner/work/pytorch-npu-trae/pytorch-npu-trae/ascend_pytorch/build/packages/torch_npu/_inductor
copying /home/runner/work/pytorch-npu-trae/pytorch-npu-trae/ascend_pytorch/torch_npu/_inductor/npu_triton_heuristics.py -> /home/runner/work/pytorch-npu-trae/pytorch-npu-trae/ascend_pytorch/build/packages/torch_npu/_inductor
copying /home/runner/work/pytorch-npu-trae/pytorch-npu-trae/ascend_pytorch/torch_npu/_inductor/decomposition.py -> /home/runner/work/pytorch-npu-trae/pytorch-npu-trae/ascend_pytorch/build/packages/torch_npu/_inductor
copying /home/runner/work/pytorch-npu-trae/pytorch-npu-trae/ascend_pytorch/torch_npu/_inductor/runtime.py -> /home/runner/work/pytorch-npu-trae/pytorch-npu-trae/ascend_pytorch/build/packages/torch_npu/_inductor
copying /home/runner/work/pytorch-npu-trae/pytorch-npu-trae/ascend_pytorch/torch_npu/_inductor/graph.py -> /home/runner/work/pytorch-npu-trae/pytorch-npu-trae/ascend_pytorch/build/packages/torch_npu/_inductor
copying /home/runner/work/pytorch-npu-trae/pytorch-npu-trae/ascend_pytorch/torch_npu/_inductor/npu_static_kernel.py -> /home/runner/work/pytorch-npu-trae/pytorch-npu-trae/ascend_pytorch/build/packages/torch_npu/_inductor
copying /home/runner/work/pytorch-npu-trae/pytorch-npu-trae/ascend_pytorch/torch_npu/_inductor/cpp_builder.py -> /home/runner/work/pytorch-npu-trae/pytorch-npu-trae/ascend_pytorch/build/packages/torch_npu/_inductor
copying /home/runner/work/pytorch-npu-trae/pytorch-npu-trae/ascend_pytorch/torch_npu/_inductor/npu_triton_helpers.py -> /home/runner/work/pytorch-npu-trae/pytorch-npu-trae/ascend_pytorch/build/packages/torch_npu/_inductor
copying /home/runner/work/pytorch-npu-trae/pytorch-npu-trae/ascend_pytorch/torch_npu/_inductor/npu_fusion_attention_graph.py -> /home/runner/work/pytorch-npu-trae/pytorch-npu-trae/ascend_pytorch/build/packages/torch_npu/_inductor
copying /home/runner/work/pytorch-npu-trae/pytorch-npu-trae/ascend_pytorch/torch_npu/_inductor/ir.py -> /home/runner/work/pytorch-npu-trae/pytorch-npu-trae/ascend_pytorch/build/packages/torch_npu/_inductor
copying /home/runner/work/pytorch-npu-trae/pytorch-npu-trae/ascend_pytorch/torch_npu/_inductor/npu_device.py -> /home/runner/work/pytorch-npu-trae/pytorch-npu-trae/ascend_pytorch/build/packages/torch_npu/_inductor
copying /home/runner/work/pytorch-npu-trae/pytorch-npu-trae/ascend_pytorch/torch_npu/_inductor/utils.py -> /home/runner/work/pytorch-npu-trae/pytorch-npu-trae/ascend_pytorch/build/packages/torch_npu/_inductor
copying /home/runner/work/pytorch-npu-trae/pytorch-npu-trae/ascend_pytorch/torch_npu/_inductor/lowering.py -> /home/runner/work/pytorch-npu-trae/pytorch-npu-trae/ascend_pytorch/build/packages/torch_npu/_inductor
copying /home/runner/work/pytorch-npu-trae/pytorch-npu-trae/ascend_pytorch/torch_npu/_inductor/lowering_fx.py -> /home/runner/work/pytorch-npu-trae/pytorch-npu-trae/ascend_pytorch/build/packages/torch_npu/_inductor
copying /home/runner/work/pytorch-npu-trae/pytorch-npu-trae/ascend_pytorch/torch_npu/_inductor/npu_choices.py -> /home/runner/work/pytorch-npu-trae/pytorch-npu-trae/ascend_pytorch/build/packages/torch_npu/_inductor
copying /home/runner/work/pytorch-npu-trae/pytorch-npu-trae/ascend_pytorch/torch_npu/_inductor/__init__.py -> /home/runner/work/pytorch-npu-trae/pytorch-npu-trae/ascend_pytorch/build/packages/torch_npu/_inductor
copying /home/runner/work/pytorch-npu-trae/pytorch-npu-trae/ascend_pytorch/torch_npu/_inductor/config.py -> /home/runner/work/pytorch-npu-trae/pytorch-npu-trae/ascend_pytorch/build/packages/torch_npu/_inductor
copying /home/runner/work/pytorch-npu-trae/pytorch-npu-trae/ascend_pytorch/torch_npu/_inductor/fx_passes/joint_graph.py -> /home/runner/work/pytorch-npu-trae/pytorch-npu-trae/ascend_pytorch/build/packages/torch_npu/_inductor/fx_passes
copying /home/runner/work/pytorch-npu-trae/pytorch-npu-trae/ascend_pytorch/torch_npu/_inductor/codegen/kernel_analysis.py -> /home/runner/work/pytorch-npu-trae/pytorch-npu-trae/ascend_pytorch/build/packages/torch_npu/_inductor/codegen
copying /home/runner/work/pytorch-npu-trae/pytorch-npu-trae/ascend_pytorch/torch_npu/_inductor/codegen/cpp_utils.py -> /home/runner/work/pytorch-npu-trae/pytorch-npu-trae/ascend_pytorch/build/packages/torch_npu/_inductor/codegen
copying /home/runner/work/pytorch-npu-trae/pytorch-npu-trae/ascend_pytorch/torch_npu/_inductor/codegen/cpp_wrapper.py -> /home/runner/work/pytorch-npu-trae/pytorch-npu-trae/ascend_pytorch/build/packages/torch_npu/_inductor/codegen
copying /home/runner/work/pytorch-npu-trae/pytorch-npu-trae/ascend_pytorch/torch_npu/_inductor/codegen/ir_fx.py -> /home/runner/work/pytorch-npu-trae/pytorch-npu-trae/ascend_pytorch/build/packages/torch_npu/_inductor/codegen
copying /home/runner/work/pytorch-npu-trae/pytorch-npu-trae/ascend_pytorch/torch_npu/_inductor/codegen/triton_utils.py -> /home/runner/work/pytorch-npu-trae/pytorch-npu-trae/ascend_pytorch/build/packages/torch_npu/_inductor/codegen
copying /home/runner/work/pytorch-npu-trae/pytorch-npu-trae/ascend_pytorch/torch_npu/_inductor/codegen/scheduling.py -> /home/runner/work/pytorch-npu-trae/pytorch-npu-trae/ascend_pytorch/build/packages/torch_npu/_inductor/codegen
copying /home/runner/work/pytorch-npu-trae/pytorch-npu-trae/ascend_pytorch/torch_npu/_inductor/codegen/split_tiling.py -> /home/runner/work/pytorch-npu-trae/pytorch-npu-trae/ascend_pytorch/build/packages/torch_npu/_inductor/codegen
copying /home/runner/work/pytorch-npu-trae/pytorch-npu-trae/ascend_pytorch/torch_npu/_inductor/codegen/tile_generator.py -> /home/runner/work/pytorch-npu-trae/pytorch-npu-trae/ascend_pytorch/build/packages/torch_npu/_inductor/codegen
copying /home/runner/work/pytorch-npu-trae/pytorch-npu-trae/ascend_pytorch/torch_npu/_inductor/codegen/ir.py -> /home/runner/work/pytorch-npu-trae/pytorch-npu-trae/ascend_pytorch/build/packages/torch_npu/_inductor/codegen
copying /home/runner/work/pytorch-npu-trae/pytorch-npu-trae/ascend_pytorch/torch_npu/_inductor/codegen/npu_kernel_features.py -> /home/runner/work/pytorch-npu-trae/pytorch-npu-trae/ascend_pytorch/build/packages/torch_npu/_inductor/codegen
copying /home/runner/work/pytorch-npu-trae/pytorch-npu-trae/ascend_pytorch/torch_npu/_inductor/codegen/triton.py -> /home/runner/work/pytorch-npu-trae/pytorch-npu-trae/ascend_pytorch/build/packages/torch_npu/_inductor/codegen
copying /home/runner/work/pytorch-npu-trae/pytorch-npu-trae/ascend_pytorch/torch_npu/_inductor/codegen/_sizevars.py -> /home/runner/work/pytorch-npu-trae/pytorch-npu-trae/ascend_pytorch/build/packages/torch_npu/_inductor/codegen
copying /home/runner/work/pytorch-npu-trae/pytorch-npu-trae/ascend_pytorch/torch_npu/_inductor/codegen/wrapper.py -> /home/runner/work/pytorch-npu-trae/pytorch-npu-trae/ascend_pytorch/build/packages/torch_npu/_inductor/codegen
copying /home/runner/work/pytorch-npu-trae/pytorch-npu-trae/ascend_pytorch/torch_npu/_inductor/codegen/__init__.py -> /home/runner/work/pytorch-npu-trae/pytorch-npu-trae/ascend_pytorch/build/packages/torch_npu/_inductor/codegen
copying /home/runner/work/pytorch-npu-trae/pytorch-npu-trae/ascend_pytorch/torch_npu/_compiler/_config.py -> /home/runner/work/pytorch-npu-trae/pytorch-npu-trae/ascend_pytorch/build/packages/torch_npu/_compiler
copying /home/runner/work/pytorch-npu-trae/pytorch-npu-trae/ascend_pytorch/torch_npu/onnx/wrapper_onnx_ops.py -> /home/runner/work/pytorch-npu-trae/pytorch-npu-trae/ascend_pytorch/build/packages/torch_npu/onnx
copying /home/runner/work/pytorch-npu-trae/pytorch-npu-trae/ascend_pytorch/torch_npu/onnx/wrapper_ops_combined.py -> /home/runner/work/pytorch-npu-trae/pytorch-npu-trae/ascend_pytorch/build/packages/torch_npu/onnx
copying /home/runner/work/pytorch-npu-trae/pytorch-npu-trae/ascend_pytorch/torch_npu/onnx/__init__.py -> /home/runner/work/pytorch-npu-trae/pytorch-npu-trae/ascend_pytorch/build/packages/torch_npu/onnx
copying /home/runner/work/pytorch-npu-trae/pytorch-npu-trae/ascend_pytorch/torch_npu/csrc/aten/npu_native_functions.yaml -> /home/runner/work/pytorch-npu-trae/pytorch-npu-trae/ascend_pytorch/build/packages/torch_npu/csrc/aten
copying /home/runner/work/pytorch-npu-trae/pytorch-npu-trae/ascend_pytorch/torch_npu/csrc/aten/npu_native_functions_by_codegen.yaml -> /home/runner/work/pytorch-npu-trae/pytorch-npu-trae/ascend_pytorch/build/packages/torch_npu/csrc/aten
copying /home/runner/work/pytorch-npu-trae/pytorch-npu-trae/ascend_pytorch/torch_npu/acl.json -> /home/runner/work/pytorch-npu-trae/pytorch-npu-trae/ascend_pytorch/build/packages/torch_npu
copying /home/runner/work/pytorch-npu-trae/pytorch-npu-trae/ascend_pytorch/torch_npu/acl_default.json -> /home/runner/work/pytorch-npu-trae/pytorch-npu-trae/ascend_pytorch/build/packages/torch_npu
copying /home/runner/work/pytorch-npu-trae/pytorch-npu-trae/ascend_pytorch/torch_npu/contrib/apis_config.json -> /home/runner/work/pytorch-npu-trae/pytorch-npu-trae/ascend_pytorch/build/packages/torch_npu/contrib
copying /home/runner/work/pytorch-npu-trae/pytorch-npu-trae/ascend_pytorch/third_party/op-plugin/op_plugin/python/__init__.py -> /home/runner/work/pytorch-npu-trae/pytorch-npu-trae/ascend_pytorch/build/packages/torch_npu/op_plugin
copying /home/runner/work/pytorch-npu-trae/pytorch-npu-trae/ascend_pytorch/third_party/op-plugin/op_plugin/python/atb/_atb_meta_registrations.py -> /home/runner/work/pytorch-npu-trae/pytorch-npu-trae/ascend_pytorch/build/packages/torch_npu/op_plugin/atb
copying /home/runner/work/pytorch-npu-trae/pytorch-npu-trae/ascend_pytorch/third_party/op-plugin/op_plugin/python/atb/__init__.py -> /home/runner/work/pytorch-npu-trae/pytorch-npu-trae/ascend_pytorch/build/packages/torch_npu/op_plugin/atb
copying /home/runner/work/pytorch-npu-trae/pytorch-npu-trae/ascend_pytorch/third_party/op-plugin/op_plugin/python/atb/_atb_ops.py -> /home/runner/work/pytorch-npu-trae/pytorch-npu-trae/ascend_pytorch/build/packages/torch_npu/op_plugin/atb
copying /home/runner/work/pytorch-npu-trae/pytorch-npu-trae/ascend_pytorch/third_party/op-plugin/op_plugin/python/atb/_atb_api_docs.py -> /home/runner/work/pytorch-npu-trae/pytorch-npu-trae/ascend_pytorch/build/packages/torch_npu/op_plugin/atb
copying /home/runner/work/pytorch-npu-trae/pytorch-npu-trae/ascend_pytorch/third_party/op-plugin/op_plugin/python/meta/_meta_registrations.py -> /home/runner/work/pytorch-npu-trae/pytorch-npu-trae/ascend_pytorch/build/packages/torch_npu/op_plugin/meta
copying /home/runner/work/pytorch-npu-trae/pytorch-npu-trae/ascend_pytorch/third_party/op-plugin/op_plugin/python/meta/__init__.py -> /home/runner/work/pytorch-npu-trae/pytorch-npu-trae/ascend_pytorch/build/packages/torch_npu/op_plugin/meta
copying /home/runner/work/pytorch-npu-trae/pytorch-npu-trae/ascend_pytorch/third_party/op-plugin/op_plugin/python/meta/_fake_registrations.py -> /home/runner/work/pytorch-npu-trae/pytorch-npu-trae/ascend_pytorch/build/packages/torch_npu/op_plugin/meta
copying /home/runner/work/pytorch-npu-trae/pytorch-npu-trae/ascend_pytorch/torch_npu/csrc/utils/TensorType.h -> /home/runner/work/pytorch-npu-trae/pytorch-npu-trae/ascend_pytorch/build/packages/torch_npu/include/torch_npu/csrc/utils
copying /home/runner/work/pytorch-npu-trae/pytorch-npu-trae/ascend_pytorch/torch_npu/csrc/utils/LazyInit.h -> /home/runner/work/pytorch-npu-trae/pytorch-npu-trae/ascend_pytorch/build/packages/torch_npu/include/torch_npu/csrc/utils
copying /home/runner/work/pytorch-npu-trae/pytorch-npu-trae/ascend_pytorch/torch_npu/csrc/utils/AutocastMode.h -> /home/runner/work/pytorch-npu-trae/pytorch-npu-trae/ascend_pytorch/build/packages/torch_npu/include/torch_npu/csrc/utils
copying /home/runner/work/pytorch-npu-trae/pytorch-npu-trae/ascend_pytorch/torch_npu/csrc/npu/Stress_detect.h -> /home/runner/work/pytorch-npu-trae/pytorch-npu-trae/ascend_pytorch/build/packages/torch_npu/include/torch_npu/csrc/npu
copying /home/runner/work/pytorch-npu-trae/pytorch-npu-trae/ascend_pytorch/torch_npu/csrc/npu/memory_snapshot.h -> /home/runner/work/pytorch-npu-trae/pytorch-npu-trae/ascend_pytorch/build/packages/torch_npu/include/torch_npu/csrc/npu
copying /home/runner/work/pytorch-npu-trae/pytorch-npu-trae/ascend_pytorch/torch_npu/csrc/npu/NPUPluggableAllocator.h -> /home/runner/work/pytorch-npu-trae/pytorch-npu-trae/ascend_pytorch/build/packages/torch_npu/include/torch_npu/csrc/npu
copying /home/runner/work/pytorch-npu-trae/pytorch-npu-trae/ascend_pytorch/torch_npu/csrc/npu/Event.h -> /home/runner/work/pytorch-npu-trae/pytorch-npu-trae/ascend_pytorch/build/packages/torch_npu/include/torch_npu/csrc/npu
copying /home/runner/work/pytorch-npu-trae/pytorch-npu-trae/ascend_pytorch/torch_npu/csrc/npu/DataParallelComm.h -> /home/runner/work/pytorch-npu-trae/pytorch-npu-trae/ascend_pytorch/build/packages/torch_npu/include/torch_npu/csrc/npu
copying /home/runner/work/pytorch-npu-trae/pytorch-npu-trae/ascend_pytorch/torch_npu/csrc/npu/Stream.h -> /home/runner/work/pytorch-npu-trae/pytorch-npu-trae/ascend_pytorch/build/packages/torch_npu/include/torch_npu/csrc/npu
copying /home/runner/work/pytorch-npu-trae/pytorch-npu-trae/ascend_pytorch/torch_npu/csrc/npu/Graph.h -> /home/runner/work/pytorch-npu-trae/pytorch-npu-trae/ascend_pytorch/build/packages/torch_npu/include/torch_npu/csrc/npu
copying /home/runner/work/pytorch-npu-trae/pytorch-npu-trae/ascend_pytorch/torch_npu/csrc/npu/Module.h -> /home/runner/work/pytorch-npu-trae/pytorch-npu-trae/ascend_pytorch/build/packages/torch_npu/include/torch_npu/csrc/npu
copying /home/runner/work/pytorch-npu-trae/pytorch-npu-trae/ascend_pytorch/torch_npu/csrc/distributed/TraceUtils.h -> /home/runner/work/pytorch-npu-trae/pytorch-npu-trae/ascend_pytorch/build/packages/torch_npu/include/torch_npu/csrc/distributed
copying /home/runner/work/pytorch-npu-trae/pytorch-npu-trae/ascend_pytorch/torch_npu/csrc/distributed/Init.h -> /home/runner/work/pytorch-npu-trae/pytorch-npu-trae/ascend_pytorch/build/packages/torch_npu/include/torch_npu/csrc/distributed
copying /home/runner/work/pytorch-npu-trae/pytorch-npu-trae/ascend_pytorch/torch_npu/csrc/distributed/HcclCompile.h -> /home/runner/work/pytorch-npu-trae/pytorch-npu-trae/ascend_pytorch/build/packages/torch_npu/include/torch_npu/csrc/distributed
copying /home/runner/work/pytorch-npu-trae/pytorch-npu-trae/ascend_pytorch/torch_npu/csrc/libs/init_npu.h -> /home/runner/work/pytorch-npu-trae/pytorch-npu-trae/ascend_pytorch/build/packages/torch_npu/include/torch_npu/csrc/libs
copying /home/runner/work/pytorch-npu-trae/pytorch-npu-trae/ascend_pytorch/torch_npu/csrc/libs/torch_npu.h -> /home/runner/work/pytorch-npu-trae/pytorch-npu-trae/ascend_pytorch/build/packages/torch_npu/include/torch_npu/csrc/libs
copying /home/runner/work/pytorch-npu-trae/pytorch-npu-trae/ascend_pytorch/torch_npu/csrc/ipc/NPUIPCTypes.h -> /home/runner/work/pytorch-npu-trae/pytorch-npu-trae/ascend_pytorch/build/packages/torch_npu/include/torch_npu/csrc/ipc
copying /home/runner/work/pytorch-npu-trae/pytorch-npu-trae/ascend_pytorch/torch_npu/csrc/ipc/StorageSharing.h -> /home/runner/work/pytorch-npu-trae/pytorch-npu-trae/ascend_pytorch/build/packages/torch_npu/include/torch_npu/csrc/ipc
copying /home/runner/work/pytorch-npu-trae/pytorch-npu-trae/ascend_pytorch/torch_npu/csrc/aten/NPUOpApiNativeFunctions.h -> /home/runner/work/pytorch-npu-trae/pytorch-npu-trae/ascend_pytorch/build/packages/torch_npu/include/torch_npu/csrc/aten
copying /home/runner/work/pytorch-npu-trae/pytorch-npu-trae/ascend_pytorch/torch_npu/csrc/aten/CustomFunctions.h -> /home/runner/work/pytorch-npu-trae/pytorch-npu-trae/ascend_pytorch/build/packages/torch_npu/include/torch_npu/csrc/aten
copying /home/runner/work/pytorch-npu-trae/pytorch-npu-trae/ascend_pytorch/torch_npu/csrc/aten/NPUNativeFunctions.h -> /home/runner/work/pytorch-npu-trae/pytorch-npu-trae/ascend_pytorch/build/packages/torch_npu/include/torch_npu/csrc/aten
copying /home/runner/work/pytorch-npu-trae/pytorch-npu-trae/ascend_pytorch/torch_npu/csrc/aten/variable_factories.h -> /home/runner/work/pytorch-npu-trae/pytorch-npu-trae/ascend_pytorch/build/packages/torch_npu/include/torch_npu/csrc/aten
copying /home/runner/work/pytorch-npu-trae/pytorch-npu-trae/ascend_pytorch/torch_npu/csrc/aten/Functions.h -> /home/runner/work/pytorch-npu-trae/pytorch-npu-trae/ascend_pytorch/build/packages/torch_npu/include/torch_npu/csrc/aten
copying /home/runner/work/pytorch-npu-trae/pytorch-npu-trae/ascend_pytorch/torch_npu/csrc/aten/python_functions.h -> /home/runner/work/pytorch-npu-trae/pytorch-npu-trae/ascend_pytorch/build/packages/torch_npu/include/torch_npu/csrc/aten
copying /home/runner/work/pytorch-npu-trae/pytorch-npu-trae/ascend_pytorch/torch_npu/csrc/aten/VariableType.h -> /home/runner/work/pytorch-npu-trae/pytorch-npu-trae/ascend_pytorch/build/packages/torch_npu/include/torch_npu/csrc/aten
copying /home/runner/work/pytorch-npu-trae/pytorch-npu-trae/ascend_pytorch/torch_npu/csrc/aten/NPUGeneratorImpl.h -> /home/runner/work/pytorch-npu-trae/pytorch-npu-trae/ascend_pytorch/build/packages/torch_npu/include/torch_npu/csrc/aten
copying /home/runner/work/pytorch-npu-trae/pytorch-npu-trae/ascend_pytorch/torch_npu/csrc/aten/CustomRedispatch.h -> /home/runner/work/pytorch-npu-trae/pytorch-npu-trae/ascend_pytorch/build/packages/torch_npu/include/torch_npu/csrc/aten
copying /home/runner/work/pytorch-npu-trae/pytorch-npu-trae/ascend_pytorch/torch_npu/csrc/flopcount/FlopCountContext.h -> /home/runner/work/pytorch-npu-trae/pytorch-npu-trae/ascend_pytorch/build/packages/torch_npu/include/torch_npu/csrc/flopcount
copying /home/runner/work/pytorch-npu-trae/pytorch-npu-trae/ascend_pytorch/torch_npu/csrc/flopcount/Init.h -> /home/runner/work/pytorch-npu-trae/pytorch-npu-trae/ascend_pytorch/build/packages/torch_npu/include/torch_npu/csrc/flopcount
copying /home/runner/work/pytorch-npu-trae/pytorch-npu-trae/ascend_pytorch/torch_npu/csrc/flopcount/FlopCounter.h -> /home/runner/work/pytorch-npu-trae/pytorch-npu-trae/ascend_pytorch/build/packages/torch_npu/include/torch_npu/csrc/flopcount
copying /home/runner/work/pytorch-npu-trae/pytorch-npu-trae/ascend_pytorch/torch_npu/csrc/flopcount/FlopCount.h -> /home/runner/work/pytorch-npu-trae/pytorch-npu-trae/ascend_pytorch/build/packages/torch_npu/include/torch_npu/csrc/flopcount
copying /home/runner/work/pytorch-npu-trae/pytorch-npu-trae/ascend_pytorch/torch_npu/csrc/logging/Init.h -> /home/runner/work/pytorch-npu-trae/pytorch-npu-trae/ascend_pytorch/build/packages/torch_npu/include/torch_npu/csrc/logging
copying /home/runner/work/pytorch-npu-trae/pytorch-npu-trae/ascend_pytorch/torch_npu/csrc/logging/LogContext.h -> /home/runner/work/pytorch-npu-trae/pytorch-npu-trae/ascend_pytorch/build/packages/torch_npu/include/torch_npu/csrc/logging
copying /home/runner/work/pytorch-npu-trae/pytorch-npu-trae/ascend_pytorch/torch_npu/csrc/logging/Logger.h -> /home/runner/work/pytorch-npu-trae/pytorch-npu-trae/ascend_pytorch/build/packages/torch_npu/include/torch_npu/csrc/logging
copying /home/runner/work/pytorch-npu-trae/pytorch-npu-trae/ascend_pytorch/torch_npu/csrc/custom_dtype/Init.h -> /home/runner/work/pytorch-npu-trae/pytorch-npu-trae/ascend_pytorch/build/packages/torch_npu/include/torch_npu/csrc/custom_dtype
copying /home/runner/work/pytorch-npu-trae/pytorch-npu-trae/ascend_pytorch/torch_npu/csrc/custom_dtype/extension.h -> /home/runner/work/pytorch-npu-trae/pytorch-npu-trae/ascend_pytorch/build/packages/torch_npu/include/torch_npu/csrc/custom_dtype
copying /home/runner/work/pytorch-npu-trae/pytorch-npu-trae/ascend_pytorch/torch_npu/csrc/afd/Init.h -> /home/runner/work/pytorch-npu-trae/pytorch-npu-trae/ascend_pytorch/build/packages/torch_npu/include/torch_npu/csrc/afd
copying /home/runner/work/pytorch-npu-trae/pytorch-npu-trae/ascend_pytorch/torch_npu/csrc/afd/ScheduleContext.h -> /home/runner/work/pytorch-npu-trae/pytorch-npu-trae/ascend_pytorch/build/packages/torch_npu/include/torch_npu/csrc/afd
copying /home/runner/work/pytorch-npu-trae/pytorch-npu-trae/ascend_pytorch/torch_npu/csrc/inductor/inductor_ops.h -> /home/runner/work/pytorch-npu-trae/pytorch-npu-trae/ascend_pytorch/build/packages/torch_npu/include/torch_npu/csrc/inductor
copying /home/runner/work/pytorch-npu-trae/pytorch-npu-trae/ascend_pytorch/torch_npu/csrc/inductor/array_ref_impl.h -> /home/runner/work/pytorch-npu-trae/pytorch-npu-trae/ascend_pytorch/build/packages/torch_npu/include/torch_npu/csrc/inductor
copying /home/runner/work/pytorch-npu-trae/pytorch-npu-trae/ascend_pytorch/torch_npu/csrc/profiler/utils.h -> /home/runner/work/pytorch-npu-trae/pytorch-npu-trae/ascend_pytorch/build/packages/torch_npu/include/torch_npu/csrc/profiler
copying /home/runner/work/pytorch-npu-trae/pytorch-npu-trae/ascend_pytorch/torch_npu/csrc/profiler/combined_traceback.h -> /home/runner/work/pytorch-npu-trae/pytorch-npu-trae/ascend_pytorch/build/packages/torch_npu/include/torch_npu/csrc/profiler
copying /home/runner/work/pytorch-npu-trae/pytorch-npu-trae/ascend_pytorch/torch_npu/csrc/profiler/init.h -> /home/runner/work/pytorch-npu-trae/pytorch-npu-trae/ascend_pytorch/build/packages/torch_npu/include/torch_npu/csrc/profiler
copying /home/runner/work/pytorch-npu-trae/pytorch-npu-trae/ascend_pytorch/torch_npu/csrc/profiler/mstx_mgr.h -> /home/runner/work/pytorch-npu-trae/pytorch-npu-trae/ascend_pytorch/build/packages/torch_npu/include/torch_npu/csrc/profiler
copying /home/runner/work/pytorch-npu-trae/pytorch-npu-trae/ascend_pytorch/torch_npu/csrc/profiler/profiler_mgr.h -> /home/runner/work/pytorch-npu-trae/pytorch-npu-trae/ascend_pytorch/build/packages/torch_npu/include/torch_npu/csrc/profiler
copying /home/runner/work/pytorch-npu-trae/pytorch-npu-trae/ascend_pytorch/torch_npu/csrc/profiler/profiler_python.h -> /home/runner/work/pytorch-npu-trae/pytorch-npu-trae/ascend_pytorch/build/packages/torch_npu/include/torch_npu/csrc/profiler
copying /home/runner/work/pytorch-npu-trae/pytorch-npu-trae/ascend_pytorch/torch_npu/csrc/profiler/npu_profiler.h -> /home/runner/work/pytorch-npu-trae/pytorch-npu-trae/ascend_pytorch/build/packages/torch_npu/include/torch_npu/csrc/profiler
copying /home/runner/work/pytorch-npu-trae/pytorch-npu-trae/ascend_pytorch/torch_npu/csrc/profiler/feature_mgr.h -> /home/runner/work/pytorch-npu-trae/pytorch-npu-trae/ascend_pytorch/build/packages/torch_npu/include/torch_npu/csrc/profiler
copying /home/runner/work/pytorch-npu-trae/pytorch-npu-trae/ascend_pytorch/torch_npu/csrc/profiler/containers.h -> /home/runner/work/pytorch-npu-trae/pytorch-npu-trae/ascend_pytorch/build/packages/torch_npu/include/torch_npu/csrc/profiler
copying /home/runner/work/pytorch-npu-trae/pytorch-npu-trae/ascend_pytorch/torch_npu/csrc/include/ops.h -> /home/runner/work/pytorch-npu-trae/pytorch-npu-trae/ascend_pytorch/build/packages/torch_npu/include/torch_npu/csrc/include
copying /home/runner/work/pytorch-npu-trae/pytorch-npu-trae/ascend_pytorch/torch_npu/csrc/core/NPUBridge.h -> /home/runner/work/pytorch-npu-trae/pytorch-npu-trae/ascend_pytorch/build/packages/torch_npu/include/torch_npu/csrc/core
copying /home/runner/work/pytorch-npu-trae/pytorch-npu-trae/ascend_pytorch/torch_npu/csrc/core/NPUSerialization.h -> /home/runner/work/pytorch-npu-trae/pytorch-npu-trae/ascend_pytorch/build/packages/torch_npu/include/torch_npu/csrc/core
copying /home/runner/work/pytorch-npu-trae/pytorch-npu-trae/ascend_pytorch/torch_npu/csrc/core/NPUStorageImpl.h -> /home/runner/work/pytorch-npu-trae/pytorch-npu-trae/ascend_pytorch/build/packages/torch_npu/include/torch_npu/csrc/core
copying /home/runner/work/pytorch-npu-trae/pytorch-npu-trae/ascend_pytorch/torch_npu/csrc/core/NPUTensorImpl.h -> /home/runner/work/pytorch-npu-trae/pytorch-npu-trae/ascend_pytorch/build/packages/torch_npu/include/torch_npu/csrc/core
copying /home/runner/work/pytorch-npu-trae/pytorch-npu-trae/ascend_pytorch/torch_npu/csrc/core/OverflowUtils.h -> /home/runner/work/pytorch-npu-trae/pytorch-npu-trae/ascend_pytorch/build/packages/torch_npu/include/torch_npu/csrc/core
copying /home/runner/work/pytorch-npu-trae/pytorch-npu-trae/ascend_pytorch/torch_npu/csrc/sanitizer/PyCallbackTrigger.h -> /home/runner/work/pytorch-npu-trae/pytorch-npu-trae/ascend_pytorch/build/packages/torch_npu/include/torch_npu/csrc/sanitizer
copying /home/runner/work/pytorch-npu-trae/pytorch-npu-trae/ascend_pytorch/torch_npu/csrc/sanitizer/NPUTrace.h -> /home/runner/work/pytorch-npu-trae/pytorch-npu-trae/ascend_pytorch/build/packages/torch_npu/include/torch_npu/csrc/sanitizer
copying /home/runner/work/pytorch-npu-trae/pytorch-npu-trae/ascend_pytorch/torch_npu/csrc/framework/NPUDefine.h -> /home/runner/work/pytorch-npu-trae/pytorch-npu-trae/ascend_pytorch/build/packages/torch_npu/include/torch_npu/csrc/framework
copying /home/runner/work/pytorch-npu-trae/pytorch-npu-trae/ascend_pytorch/torch_npu/csrc/framework/OpParamMaker.h -> /home/runner/work/pytorch-npu-trae/pytorch-npu-trae/ascend_pytorch/build/packages/torch_npu/include/torch_npu/csrc/framework
copying /home/runner/work/pytorch-npu-trae/pytorch-npu-trae/ascend_pytorch/torch_npu/csrc/framework/OpCmdHelper.h -> /home/runner/work/pytorch-npu-trae/pytorch-npu-trae/ascend_pytorch/build/packages/torch_npu/include/torch_npu/csrc/framework
copying /home/runner/work/pytorch-npu-trae/pytorch-npu-trae/ascend_pytorch/torch_npu/csrc/framework/InferFormat.h -> /home/runner/work/pytorch-npu-trae/pytorch-npu-trae/ascend_pytorch/build/packages/torch_npu/include/torch_npu/csrc/framework
copying /home/runner/work/pytorch-npu-trae/pytorch-npu-trae/ascend_pytorch/torch_npu/csrc/framework/StorageDescHelper.h -> /home/runner/work/pytorch-npu-trae/pytorch-npu-trae/ascend_pytorch/build/packages/torch_npu/include/torch_npu/csrc/framework
copying /home/runner/work/pytorch-npu-trae/pytorch-npu-trae/ascend_pytorch/torch_npu/csrc/framework/OpCommand.h -> /home/runner/work/pytorch-npu-trae/pytorch-npu-trae/ascend_pytorch/build/packages/torch_npu/include/torch_npu/csrc/framework
copying /home/runner/work/pytorch-npu-trae/pytorch-npu-trae/ascend_pytorch/torch_npu/csrc/framework/OpHook.h -> /home/runner/work/pytorch-npu-trae/pytorch-npu-trae/ascend_pytorch/build/packages/torch_npu/include/torch_npu/csrc/framework
copying /home/runner/work/pytorch-npu-trae/pytorch-npu-trae/ascend_pytorch/torch_npu/csrc/framework/FormatHelper.h -> /home/runner/work/pytorch-npu-trae/pytorch-npu-trae/ascend_pytorch/build/packages/torch_npu/include/torch_npu/csrc/framework
copying /home/runner/work/pytorch-npu-trae/pytorch-npu-trae/ascend_pytorch/torch_npu/csrc/framework/LazyInitAclops.h -> /home/runner/work/pytorch-npu-trae/pytorch-npu-trae/ascend_pytorch/build/packages/torch_npu/include/torch_npu/csrc/framework
copying /home/runner/work/pytorch-npu-trae/pytorch-npu-trae/ascend_pytorch/torch_npu/csrc/distributed/reducer.hpp -> /home/runner/work/pytorch-npu-trae/pytorch-npu-trae/ascend_pytorch/build/packages/torch_npu/include/torch_npu/csrc/distributed
copying /home/runner/work/pytorch-npu-trae/pytorch-npu-trae/ascend_pytorch/torch_npu/csrc/distributed/ProcessGroupLCCL.hpp -> /home/runner/work/pytorch-npu-trae/pytorch-npu-trae/ascend_pytorch/build/packages/torch_npu/include/torch_npu/csrc/distributed
copying /home/runner/work/pytorch-npu-trae/pytorch-npu-trae/ascend_pytorch/torch_npu/csrc/distributed/default_comm_hooks.hpp -> /home/runner/work/pytorch-npu-trae/pytorch-npu-trae/ascend_pytorch/build/packages/torch_npu/include/torch_npu/csrc/distributed
copying /home/runner/work/pytorch-npu-trae/pytorch-npu-trae/ascend_pytorch/torch_npu/csrc/distributed/StoreClient.hpp -> /home/runner/work/pytorch-npu-trae/pytorch-npu-trae/ascend_pytorch/build/packages/torch_npu/include/torch_npu/csrc/distributed
copying /home/runner/work/pytorch-npu-trae/pytorch-npu-trae/ascend_pytorch/torch_npu/csrc/distributed/HCCLUtils.hpp -> /home/runner/work/pytorch-npu-trae/pytorch-npu-trae/ascend_pytorch/build/packages/torch_npu/include/torch_npu/csrc/distributed
copying /home/runner/work/pytorch-npu-trae/pytorch-npu-trae/ascend_pytorch/torch_npu/csrc/distributed/ParallelStoreProxy.hpp -> /home/runner/work/pytorch-npu-trae/pytorch-npu-trae/ascend_pytorch/build/packages/torch_npu/include/torch_npu/csrc/distributed
copying /home/runner/work/pytorch-npu-trae/pytorch-npu-trae/ascend_pytorch/torch_npu/csrc/distributed/ParallelTcpServer.hpp -> /home/runner/work/pytorch-npu-trae/pytorch-npu-trae/ascend_pytorch/build/packages/torch_npu/include/torch_npu/csrc/distributed
copying /home/runner/work/pytorch-npu-trae/pytorch-npu-trae/ascend_pytorch/torch_npu/csrc/distributed/LCCLUtils.hpp -> /home/runner/work/pytorch-npu-trae/pytorch-npu-trae/ascend_pytorch/build/packages/torch_npu/include/torch_npu/csrc/distributed
copying /home/runner/work/pytorch-npu-trae/pytorch-npu-trae/ascend_pytorch/torch_npu/csrc/distributed/StoreMessagePacker.hpp -> /home/runner/work/pytorch-npu-trae/pytorch-npu-trae/ascend_pytorch/build/packages/torch_npu/include/torch_npu/csrc/distributed
copying /home/runner/work/pytorch-npu-trae/pytorch-npu-trae/ascend_pytorch/torch_npu/csrc/distributed/ParallelTcpStore.hpp -> /home/runner/work/pytorch-npu-trae/pytorch-npu-trae/ascend_pytorch/build/packages/torch_npu/include/torch_npu/csrc/distributed
copying /home/runner/work/pytorch-npu-trae/pytorch-npu-trae/ascend_pytorch/torch_npu/csrc/distributed/ProcessGroupHCCL.hpp -> /home/runner/work/pytorch-npu-trae/pytorch-npu-trae/ascend_pytorch/build/packages/torch_npu/include/torch_npu/csrc/distributed
copying /home/runner/work/pytorch-npu-trae/pytorch-npu-trae/ascend_pytorch/torch_npu/csrc/distributed/symm_mem/NPUSHMEMExtension.h -> /home/runner/work/pytorch-npu-trae/pytorch-npu-trae/ascend_pytorch/build/packages/torch_npu/include/torch_npu/csrc/distributed/symm_mem
copying /home/runner/work/pytorch-npu-trae/pytorch-npu-trae/ascend_pytorch/torch_npu/csrc/distributed/symm_mem/NPUSHMEMInterface.h -> /home/runner/work/pytorch-npu-trae/pytorch-npu-trae/ascend_pytorch/build/packages/torch_npu/include/torch_npu/csrc/distributed/symm_mem
copying /home/runner/work/pytorch-npu-trae/pytorch-npu-trae/ascend_pytorch/torch_npu/csrc/distributed/rpc/init.h -> /home/runner/work/pytorch-npu-trae/pytorch-npu-trae/ascend_pytorch/build/packages/torch_npu/include/torch_npu/csrc/distributed/rpc
copying /home/runner/work/pytorch-npu-trae/pytorch-npu-trae/ascend_pytorch/torch_npu/csrc/distributed/rpc/tensorpipe_agent.h -> /home/runner/work/pytorch-npu-trae/pytorch-npu-trae/ascend_pytorch/build/packages/torch_npu/include/torch_npu/csrc/distributed/rpc
copying /home/runner/work/pytorch-npu-trae/pytorch-npu-trae/ascend_pytorch/torch_npu/csrc/distributed/rpc/tensorpipe_utils.h -> /home/runner/work/pytorch-npu-trae/pytorch-npu-trae/ascend_pytorch/build/packages/torch_npu/include/torch_npu/csrc/distributed/rpc
copying /home/runner/work/pytorch-npu-trae/pytorch-npu-trae/ascend_pytorch/torch_npu/csrc/aten/common/TensorFactories.h -> /home/runner/work/pytorch-npu-trae/pytorch-npu-trae/ascend_pytorch/build/packages/torch_npu/include/torch_npu/csrc/aten/common
copying /home/runner/work/pytorch-npu-trae/pytorch-npu-trae/ascend_pytorch/torch_npu/csrc/aten/common/InnerNpuNativeFunction.h -> /home/runner/work/pytorch-npu-trae/pytorch-npu-trae/ascend_pytorch/build/packages/torch_npu/include/torch_npu/csrc/aten/common
copying /home/runner/work/pytorch-npu-trae/pytorch-npu-trae/ascend_pytorch/torch_npu/csrc/aten/common/SetNpu.h -> /home/runner/work/pytorch-npu-trae/pytorch-npu-trae/ascend_pytorch/build/packages/torch_npu/include/torch_npu/csrc/aten/common
copying /home/runner/work/pytorch-npu-trae/pytorch-npu-trae/ascend_pytorch/torch_npu/csrc/aten/common/ResizeNpu.h -> /home/runner/work/pytorch-npu-trae/pytorch-npu-trae/ascend_pytorch/build/packages/torch_npu/include/torch_npu/csrc/aten/common
copying /home/runner/work/pytorch-npu-trae/pytorch-npu-trae/ascend_pytorch/torch_npu/csrc/aten/common/DLConvertor.h -> /home/runner/work/pytorch-npu-trae/pytorch-npu-trae/ascend_pytorch/build/packages/torch_npu/include/torch_npu/csrc/aten/common
copying /home/runner/work/pytorch-npu-trae/pytorch-npu-trae/ascend_pytorch/torch_npu/csrc/aten/common/from_blob.h -> /home/runner/work/pytorch-npu-trae/pytorch-npu-trae/ascend_pytorch/build/packages/torch_npu/include/torch_npu/csrc/aten/common
copying /home/runner/work/pytorch-npu-trae/pytorch-npu-trae/ascend_pytorch/torch_npu/csrc/aten/common/FormatCastHelper.h -> /home/runner/work/pytorch-npu-trae/pytorch-npu-trae/ascend_pytorch/build/packages/torch_npu/include/torch_npu/csrc/aten/common
copying /home/runner/work/pytorch-npu-trae/pytorch-npu-trae/ascend_pytorch/torch_npu/csrc/aten/mirror/NPUTensorIterator.h -> /home/runner/work/pytorch-npu-trae/pytorch-npu-trae/ascend_pytorch/build/packages/torch_npu/include/torch_npu/csrc/aten/mirror
copying /home/runner/work/pytorch-npu-trae/pytorch-npu-trae/ascend_pytorch/torch_npu/csrc/aten/mirror/NPUTypeProperties.h -> /home/runner/work/pytorch-npu-trae/pytorch-npu-trae/ascend_pytorch/build/packages/torch_npu/include/torch_npu/csrc/aten/mirror
copying /home/runner/work/pytorch-npu-trae/pytorch-npu-trae/ascend_pytorch/torch_npu/csrc/aten/mirror/NPUMemoryOverlap.h -> /home/runner/work/pytorch-npu-trae/pytorch-npu-trae/ascend_pytorch/build/packages/torch_npu/include/torch_npu/csrc/aten/mirror
copying /home/runner/work/pytorch-npu-trae/pytorch-npu-trae/ascend_pytorch/torch_npu/csrc/inductor/aoti_package/pybind.h -> /home/runner/work/pytorch-npu-trae/pytorch-npu-trae/ascend_pytorch/build/packages/torch_npu/include/torch_npu/csrc/inductor/aoti_package
copying /home/runner/work/pytorch-npu-trae/pytorch-npu-trae/ascend_pytorch/torch_npu/csrc/inductor/aoti_package/model_package_loader.h -> /home/runner/work/pytorch-npu-trae/pytorch-npu-trae/ascend_pytorch/build/packages/torch_npu/include/torch_npu/csrc/inductor/aoti_package
copying /home/runner/work/pytorch-npu-trae/pytorch-npu-trae/ascend_pytorch/torch_npu/csrc/inductor/aoti_torch/utils.h -> /home/runner/work/pytorch-npu-trae/pytorch-npu-trae/ascend_pytorch/build/packages/torch_npu/include/torch_npu/csrc/inductor/aoti_torch
copying /home/runner/work/pytorch-npu-trae/pytorch-npu-trae/ascend_pytorch/torch_npu/csrc/inductor/aoti_torch/oss_proxy_executor.h -> /home/runner/work/pytorch-npu-trae/pytorch-npu-trae/ascend_pytorch/build/packages/torch_npu/include/torch_npu/csrc/inductor/aoti_torch
copying /home/runner/work/pytorch-npu-trae/pytorch-npu-trae/ascend_pytorch/torch_npu/csrc/inductor/aoti_torch/oss_proxy_executor_npu.h -> /home/runner/work/pytorch-npu-trae/pytorch-npu-trae/ascend_pytorch/build/packages/torch_npu/include/torch_npu/csrc/inductor/aoti_torch
copying /home/runner/work/pytorch-npu-trae/pytorch-npu-trae/ascend_pytorch/torch_npu/csrc/inductor/aoti_torch/proxy_executor.h -> /home/runner/work/pytorch-npu-trae/pytorch-npu-trae/ascend_pytorch/build/packages/torch_npu/include/torch_npu/csrc/inductor/aoti_torch
copying /home/runner/work/pytorch-npu-trae/pytorch-npu-trae/ascend_pytorch/torch_npu/csrc/inductor/aoti_torch/tensor_converter.h -> /home/runner/work/pytorch-npu-trae/pytorch-npu-trae/ascend_pytorch/build/packages/torch_npu/include/torch_npu/csrc/inductor/aoti_torch
copying /home/runner/work/pytorch-npu-trae/pytorch-npu-trae/ascend_pytorch/torch_npu/csrc/inductor/aoti_runner/pybind.h -> /home/runner/work/pytorch-npu-trae/pytorch-npu-trae/ascend_pytorch/build/packages/torch_npu/include/torch_npu/csrc/inductor/aoti_runner
copying /home/runner/work/pytorch-npu-trae/pytorch-npu-trae/ascend_pytorch/torch_npu/csrc/inductor/aoti_runner/model_container_runner_npu.h -> /home/runner/work/pytorch-npu-trae/pytorch-npu-trae/ascend_pytorch/build/packages/torch_npu/include/torch_npu/csrc/inductor/aoti_runner
copying /home/runner/work/pytorch-npu-trae/pytorch-npu-trae/ascend_pytorch/torch_npu/csrc/inductor/aoti_runner/model_container_runner.h -> /home/runner/work/pytorch-npu-trae/pytorch-npu-trae/ascend_pytorch/build/packages/torch_npu/include/torch_npu/csrc/inductor/aoti_runner
copying /home/runner/work/pytorch-npu-trae/pytorch-npu-trae/ascend_pytorch/torch_npu/csrc/inductor/aoti_runtime/utils.h -> /home/runner/work/pytorch-npu-trae/pytorch-npu-trae/ascend_pytorch/build/packages/torch_npu/include/torch_npu/csrc/inductor/aoti_runtime
copying /home/runner/work/pytorch-npu-trae/pytorch-npu-trae/ascend_pytorch/torch_npu/csrc/inductor/aoti_runtime/model_container.h -> /home/runner/work/pytorch-npu-trae/pytorch-npu-trae/ascend_pytorch/build/packages/torch_npu/include/torch_npu/csrc/inductor/aoti_runtime
copying /home/runner/work/pytorch-npu-trae/pytorch-npu-trae/ascend_pytorch/torch_npu/csrc/inductor/aoti_runtime/arrayref_tensor.h -> /home/runner/work/pytorch-npu-trae/pytorch-npu-trae/ascend_pytorch/build/packages/torch_npu/include/torch_npu/csrc/inductor/aoti_runtime
copying /home/runner/work/pytorch-npu-trae/pytorch-npu-trae/ascend_pytorch/torch_npu/csrc/inductor/aoti_runtime/scalar_to_tensor.h -> /home/runner/work/pytorch-npu-trae/pytorch-npu-trae/ascend_pytorch/build/packages/torch_npu/include/torch_npu/csrc/inductor/aoti_runtime
copying /home/runner/work/pytorch-npu-trae/pytorch-npu-trae/ascend_pytorch/torch_npu/csrc/inductor/aoti_runtime/device_utils.h -> /home/runner/work/pytorch-npu-trae/pytorch-npu-trae/ascend_pytorch/build/packages/torch_npu/include/torch_npu/csrc/inductor/aoti_runtime
copying /home/runner/work/pytorch-npu-trae/pytorch-npu-trae/ascend_pytorch/torch_npu/csrc/inductor/aoti_runtime/interface.h -> /home/runner/work/pytorch-npu-trae/pytorch-npu-trae/ascend_pytorch/build/packages/torch_npu/include/torch_npu/csrc/inductor/aoti_runtime
copying /home/runner/work/pytorch-npu-trae/pytorch-npu-trae/ascend_pytorch/torch_npu/csrc/inductor/aoti_runtime/model.h -> /home/runner/work/pytorch-npu-trae/pytorch-npu-trae/ascend_pytorch/build/packages/torch_npu/include/torch_npu/csrc/inductor/aoti_runtime
copying /home/runner/work/pytorch-npu-trae/pytorch-npu-trae/ascend_pytorch/torch_npu/csrc/inductor/aoti_runtime/thread_local.h -> /home/runner/work/pytorch-npu-trae/pytorch-npu-trae/ascend_pytorch/build/packages/torch_npu/include/torch_npu/csrc/inductor/aoti_runtime
copying /home/runner/work/pytorch-npu-trae/pytorch-npu-trae/ascend_pytorch/torch_npu/csrc/profiler/python/combined_traceback.h -> /home/runner/work/pytorch-npu-trae/pytorch-npu-trae/ascend_pytorch/build/packages/torch_npu/include/torch_npu/csrc/profiler/python
copying /home/runner/work/pytorch-npu-trae/pytorch-npu-trae/ascend_pytorch/torch_npu/csrc/profiler/unwind/unwind.h -> /home/runner/work/pytorch-npu-trae/pytorch-npu-trae/ascend_pytorch/build/packages/torch_npu/include/torch_npu/csrc/profiler/unwind
copying /home/runner/work/pytorch-npu-trae/pytorch-npu-trae/ascend_pytorch/torch_npu/csrc/core/npu/NPUGraphsUtils.h -> /home/runner/work/pytorch-npu-trae/pytorch-npu-trae/ascend_pytorch/build/packages/torch_npu/include/torch_npu/csrc/core/npu
copying /home/runner/work/pytorch-npu-trae/pytorch-npu-trae/ascend_pytorch/torch_npu/csrc/core/npu/NPUEventManager.h -> /home/runner/work/pytorch-npu-trae/pytorch-npu-trae/ascend_pytorch/build/packages/torch_npu/include/torch_npu/csrc/core/npu
copying /home/runner/work/pytorch-npu-trae/pytorch-npu-trae/ascend_pytorch/torch_npu/csrc/core/npu/NPUStream.h -> /home/runner/work/pytorch-npu-trae/pytorch-npu-trae/ascend_pytorch/build/packages/torch_npu/include/torch_npu/csrc/core/npu
copying /home/runner/work/pytorch-npu-trae/pytorch-npu-trae/ascend_pytorch/torch_npu/csrc/core/npu/NpuVariables.h -> /home/runner/work/pytorch-npu-trae/pytorch-npu-trae/ascend_pytorch/build/packages/torch_npu/include/torch_npu/csrc/core/npu
copying /home/runner/work/pytorch-npu-trae/pytorch-npu-trae/ascend_pytorch/torch_npu/csrc/core/npu/NPUAllocatorConfig.h -> /home/runner/work/pytorch-npu-trae/pytorch-npu-trae/ascend_pytorch/build/packages/torch_npu/include/torch_npu/csrc/core/npu
copying /home/runner/work/pytorch-npu-trae/pytorch-npu-trae/ascend_pytorch/torch_npu/csrc/core/npu/npu_log.h -> /home/runner/work/pytorch-npu-trae/pytorch-npu-trae/ascend_pytorch/build/packages/torch_npu/include/torch_npu/csrc/core/npu
copying /home/runner/work/pytorch-npu-trae/pytorch-npu-trae/ascend_pytorch/torch_npu/csrc/core/npu/DeviceUtils.h -> /home/runner/work/pytorch-npu-trae/pytorch-npu-trae/ascend_pytorch/build/packages/torch_npu/include/torch_npu/csrc/core/npu
copying /home/runner/work/pytorch-npu-trae/pytorch-npu-trae/ascend_pytorch/torch_npu/csrc/core/npu/NPUHooksInterface.h -> /home/runner/work/pytorch-npu-trae/pytorch-npu-trae/ascend_pytorch/build/packages/torch_npu/include/torch_npu/csrc/core/npu
copying /home/runner/work/pytorch-npu-trae/pytorch-npu-trae/ascend_pytorch/torch_npu/csrc/core/npu/NPUGuard.h -> /home/runner/work/pytorch-npu-trae/pytorch-npu-trae/ascend_pytorch/build/packages/torch_npu/include/torch_npu/csrc/core/npu
copying /home/runner/work/pytorch-npu-trae/pytorch-npu-trae/ascend_pytorch/torch_npu/csrc/core/npu/NPURecovery.h -> /home/runner/work/pytorch-npu-trae/pytorch-npu-trae/ascend_pytorch/build/packages/torch_npu/include/torch_npu/csrc/core/npu
copying /home/runner/work/pytorch-npu-trae/pytorch-npu-trae/ascend_pytorch/torch_npu/csrc/core/npu/NPUGraph.h -> /home/runner/work/pytorch-npu-trae/pytorch-npu-trae/ascend_pytorch/build/packages/torch_npu/include/torch_npu/csrc/core/npu
copying /home/runner/work/pytorch-npu-trae/pytorch-npu-trae/ascend_pytorch/torch_npu/csrc/core/npu/NPUCachingAllocator.h -> /home/runner/work/pytorch-npu-trae/pytorch-npu-trae/ascend_pytorch/build/packages/torch_npu/include/torch_npu/csrc/core/npu
copying /home/runner/work/pytorch-npu-trae/pytorch-npu-trae/ascend_pytorch/torch_npu/csrc/core/npu/NPUMacros.h -> /home/runner/work/pytorch-npu-trae/pytorch-npu-trae/ascend_pytorch/build/packages/torch_npu/include/torch_npu/csrc/core/npu
copying /home/runner/work/pytorch-npu-trae/pytorch-npu-trae/ascend_pytorch/torch_npu/csrc/core/npu/NPUEvent.h -> /home/runner/work/pytorch-npu-trae/pytorch-npu-trae/ascend_pytorch/build/packages/torch_npu/include/torch_npu/csrc/core/npu
copying /home/runner/work/pytorch-npu-trae/pytorch-npu-trae/ascend_pytorch/torch_npu/csrc/core/npu/GetCANNInfo.h -> /home/runner/work/pytorch-npu-trae/pytorch-npu-trae/ascend_pytorch/build/packages/torch_npu/include/torch_npu/csrc/core/npu
copying /home/runner/work/pytorch-npu-trae/pytorch-npu-trae/ascend_pytorch/torch_npu/csrc/core/npu/SecondaryStreamGuard.h -> /home/runner/work/pytorch-npu-trae/pytorch-npu-trae/ascend_pytorch/build/packages/torch_npu/include/torch_npu/csrc/core/npu
copying /home/runner/work/pytorch-npu-trae/pytorch-npu-trae/ascend_pytorch/torch_npu/csrc/core/npu/NPUAffinityController.h -> /home/runner/work/pytorch-npu-trae/pytorch-npu-trae/ascend_pytorch/build/packages/torch_npu/include/torch_npu/csrc/core/npu
copying /home/runner/work/pytorch-npu-trae/pytorch-npu-trae/ascend_pytorch/torch_npu/csrc/core/npu/NPUBlockHandle.h -> /home/runner/work/pytorch-npu-trae/pytorch-npu-trae/ascend_pytorch/build/packages/torch_npu/include/torch_npu/csrc/core/npu
copying /home/runner/work/pytorch-npu-trae/pytorch-npu-trae/ascend_pytorch/torch_npu/csrc/core/npu/NPUSwappedMemoryAllocator.h -> /home/runner/work/pytorch-npu-trae/pytorch-npu-trae/ascend_pytorch/build/packages/torch_npu/include/torch_npu/csrc/core/npu
copying /home/runner/work/pytorch-npu-trae/pytorch-npu-trae/ascend_pytorch/torch_npu/csrc/core/npu/NPUQueue.h -> /home/runner/work/pytorch-npu-trae/pytorch-npu-trae/ascend_pytorch/build/packages/torch_npu/include/torch_npu/csrc/core/npu
copying /home/runner/work/pytorch-npu-trae/pytorch-npu-trae/ascend_pytorch/torch_npu/csrc/core/npu/NPUException.h -> /home/runner/work/pytorch-npu-trae/pytorch-npu-trae/ascend_pytorch/build/packages/torch_npu/include/torch_npu/csrc/core/npu
copying /home/runner/work/pytorch-npu-trae/pytorch-npu-trae/ascend_pytorch/torch_npu/csrc/core/npu/NPUErrorCodes.h -> /home/runner/work/pytorch-npu-trae/pytorch-npu-trae/ascend_pytorch/build/packages/torch_npu/include/torch_npu/csrc/core/npu
copying /home/runner/work/pytorch-npu-trae/pytorch-npu-trae/ascend_pytorch/torch_npu/csrc/core/npu/NPUFunctions.h -> /home/runner/work/pytorch-npu-trae/pytorch-npu-trae/ascend_pytorch/build/packages/torch_npu/include/torch_npu/csrc/core/npu
copying /home/runner/work/pytorch-npu-trae/pytorch-npu-trae/ascend_pytorch/torch_npu/csrc/core/npu/NPUPeerToPeerAccess.h -> /home/runner/work/pytorch-npu-trae/pytorch-npu-trae/ascend_pytorch/build/packages/torch_npu/include/torch_npu/csrc/core/npu
copying /home/runner/work/pytorch-npu-trae/pytorch-npu-trae/ascend_pytorch/torch_npu/csrc/core/npu/NPUWorkspaceAllocator.h -> /home/runner/work/pytorch-npu-trae/pytorch-npu-trae/ascend_pytorch/build/packages/torch_npu/include/torch_npu/csrc/core/npu
copying /home/runner/work/pytorch-npu-trae/pytorch-npu-trae/ascend_pytorch/torch_npu/csrc/core/npu/NPUFormat.h -> /home/runner/work/pytorch-npu-trae/pytorch-npu-trae/ascend_pytorch/build/packages/torch_npu/include/torch_npu/csrc/core/npu
copying /home/runner/work/pytorch-npu-trae/pytorch-npu-trae/ascend_pytorch/torch_npu/csrc/core/npu/GetAffinityCPUInfo.h -> /home/runner/work/pytorch-npu-trae/pytorch-npu-trae/ascend_pytorch/build/packages/torch_npu/include/torch_npu/csrc/core/npu
copying /home/runner/work/pytorch-npu-trae/pytorch-npu-trae/ascend_pytorch/torch_npu/csrc/core/npu/NPUMemorySwap.h -> /home/runner/work/pytorch-npu-trae/pytorch-npu-trae/ascend_pytorch/build/packages/torch_npu/include/torch_npu/csrc/core/npu
copying /home/runner/work/pytorch-npu-trae/pytorch-npu-trae/ascend_pytorch/torch_npu/csrc/core/npu/CachingHostAllocator.h -> /home/runner/work/pytorch-npu-trae/pytorch-npu-trae/ascend_pytorch/build/packages/torch_npu/include/torch_npu/csrc/core/npu
copying /home/runner/work/pytorch-npu-trae/pytorch-npu-trae/ascend_pytorch/torch_npu/csrc/framework/utils/OpAdapter.h -> /home/runner/work/pytorch-npu-trae/pytorch-npu-trae/ascend_pytorch/build/packages/torch_npu/include/torch_npu/csrc/framework/utils
copying /home/runner/work/pytorch-npu-trae/pytorch-npu-trae/ascend_pytorch/torch_npu/csrc/framework/utils/UtilForOpAdapter.h -> /home/runner/work/pytorch-npu-trae/pytorch-npu-trae/ascend_pytorch/build/packages/torch_npu/include/torch_npu/csrc/framework/utils
copying /home/runner/work/pytorch-npu-trae/pytorch-npu-trae/ascend_pytorch/torch_npu/csrc/framework/utils/NpuStorageOffsetGuard.h -> /home/runner/work/pytorch-npu-trae/pytorch-npu-trae/ascend_pytorch/build/packages/torch_npu/include/torch_npu/csrc/framework/utils
copying /home/runner/work/pytorch-npu-trae/pytorch-npu-trae/ascend_pytorch/torch_npu/csrc/framework/utils/ForceAclnnList.h -> /home/runner/work/pytorch-npu-trae/pytorch-npu-trae/ascend_pytorch/build/packages/torch_npu/include/torch_npu/csrc/framework/utils
copying /home/runner/work/pytorch-npu-trae/pytorch-npu-trae/ascend_pytorch/torch_npu/csrc/framework/utils/CustomFunctions.h -> /home/runner/work/pytorch-npu-trae/pytorch-npu-trae/ascend_pytorch/build/packages/torch_npu/include/torch_npu/csrc/framework/utils
copying /home/runner/work/pytorch-npu-trae/pytorch-npu-trae/ascend_pytorch/torch_npu/csrc/framework/utils/RandomOpAdapter.h -> /home/runner/work/pytorch-npu-trae/pytorch-npu-trae/ascend_pytorch/build/packages/torch_npu/include/torch_npu/csrc/framework/utils
copying /home/runner/work/pytorch-npu-trae/pytorch-npu-trae/ascend_pytorch/torch_npu/csrc/framework/utils/NPUDefinition.h -> /home/runner/work/pytorch-npu-trae/pytorch-npu-trae/ascend_pytorch/build/packages/torch_npu/include/torch_npu/csrc/framework/utils
copying /home/runner/work/pytorch-npu-trae/pytorch-npu-trae/ascend_pytorch/torch_npu/csrc/framework/utils/OpPreparation.h -> /home/runner/work/pytorch-npu-trae/pytorch-npu-trae/ascend_pytorch/build/packages/torch_npu/include/torch_npu/csrc/framework/utils
copying /home/runner/work/pytorch-npu-trae/pytorch-npu-trae/ascend_pytorch/torch_npu/csrc/framework/utils/CalcuOpUtil.h -> /home/runner/work/pytorch-npu-trae/pytorch-npu-trae/ascend_pytorch/build/packages/torch_npu/include/torch_npu/csrc/framework/utils
copying /home/runner/work/pytorch-npu-trae/pytorch-npu-trae/ascend_pytorch/torch_npu/csrc/framework/utils/ForceJitCompileList.h -> /home/runner/work/pytorch-npu-trae/pytorch-npu-trae/ascend_pytorch/build/packages/torch_npu/include/torch_npu/csrc/framework/utils
copying /home/runner/work/pytorch-npu-trae/pytorch-npu-trae/ascend_pytorch/torch_npu/csrc/framework/utils/NpuUtils.h -> /home/runner/work/pytorch-npu-trae/pytorch-npu-trae/ascend_pytorch/build/packages/torch_npu/include/torch_npu/csrc/framework/utils
copying /home/runner/work/pytorch-npu-trae/pytorch-npu-trae/ascend_pytorch/torch_npu/csrc/framework/utils/InternalFormatOpAdapter.h -> /home/runner/work/pytorch-npu-trae/pytorch-npu-trae/ascend_pytorch/build/packages/torch_npu/include/torch_npu/csrc/framework/utils
copying /home/runner/work/pytorch-npu-trae/pytorch-npu-trae/ascend_pytorch/torch_npu/csrc/framework/contiguous/contiguous_register.h -> /home/runner/work/pytorch-npu-trae/pytorch-npu-trae/ascend_pytorch/build/packages/torch_npu/include/torch_npu/csrc/framework/contiguous
copying /home/runner/work/pytorch-npu-trae/pytorch-npu-trae/ascend_pytorch/torch_npu/csrc/framework/contiguous/ReshapeOpt.h -> /home/runner/work/pytorch-npu-trae/pytorch-npu-trae/ascend_pytorch/build/packages/torch_npu/include/torch_npu/csrc/framework/contiguous
copying /home/runner/work/pytorch-npu-trae/pytorch-npu-trae/ascend_pytorch/torch_npu/csrc/framework/contiguous/ContiguousOpt.h -> /home/runner/work/pytorch-npu-trae/pytorch-npu-trae/ascend_pytorch/build/packages/torch_npu/include/torch_npu/csrc/framework/contiguous
copying /home/runner/work/pytorch-npu-trae/pytorch-npu-trae/ascend_pytorch/torch_npu/csrc/framework/contiguous/ContiguousUtils.h -> /home/runner/work/pytorch-npu-trae/pytorch-npu-trae/ascend_pytorch/build/packages/torch_npu/include/torch_npu/csrc/framework/contiguous
copying /home/runner/work/pytorch-npu-trae/pytorch-npu-trae/ascend_pytorch/torch_npu/csrc/framework/interface/MsProfilerInterface.h -> /home/runner/work/pytorch-npu-trae/pytorch-npu-trae/ascend_pytorch/build/packages/torch_npu/include/torch_npu/csrc/framework/interface
copying /home/runner/work/pytorch-npu-trae/pytorch-npu-trae/ascend_pytorch/torch_npu/csrc/framework/interface/AclInterface.h -> /home/runner/work/pytorch-npu-trae/pytorch-npu-trae/ascend_pytorch/build/packages/torch_npu/include/torch_npu/csrc/framework/interface
copying /home/runner/work/pytorch-npu-trae/pytorch-npu-trae/ascend_pytorch/torch_npu/csrc/framework/interface/HcclInterface.h -> /home/runner/work/pytorch-npu-trae/pytorch-npu-trae/ascend_pytorch/build/packages/torch_npu/include/torch_npu/csrc/framework/interface
copying /home/runner/work/pytorch-npu-trae/pytorch-npu-trae/ascend_pytorch/torch_npu/csrc/framework/interface/MstxInterface.h -> /home/runner/work/pytorch-npu-trae/pytorch-npu-trae/ascend_pytorch/build/packages/torch_npu/include/torch_npu/csrc/framework/interface
copying /home/runner/work/pytorch-npu-trae/pytorch-npu-trae/ascend_pytorch/torch_npu/csrc/framework/interface/LibAscendHal.h -> /home/runner/work/pytorch-npu-trae/pytorch-npu-trae/ascend_pytorch/build/packages/torch_npu/include/torch_npu/csrc/framework/interface
copying /home/runner/work/pytorch-npu-trae/pytorch-npu-trae/ascend_pytorch/torch_npu/csrc/framework/interface/AclOpCompileInterface.h -> /home/runner/work/pytorch-npu-trae/pytorch-npu-trae/ascend_pytorch/build/packages/torch_npu/include/torch_npu/csrc/framework/interface
copying /home/runner/work/pytorch-npu-trae/pytorch-npu-trae/ascend_pytorch/torch_npu/csrc/framework/interface/EnvVariables.h -> /home/runner/work/pytorch-npu-trae/pytorch-npu-trae/ascend_pytorch/build/packages/torch_npu/include/torch_npu/csrc/framework/interface
copying /home/runner/work/pytorch-npu-trae/pytorch-npu-trae/ascend_pytorch/torch_npu/csrc/framework/aoe/AoeDumpGraphManager.h -> /home/runner/work/pytorch-npu-trae/pytorch-npu-trae/ascend_pytorch/build/packages/torch_npu/include/torch_npu/csrc/framework/aoe
copying /home/runner/work/pytorch-npu-trae/pytorch-npu-trae/ascend_pytorch/torch_npu/csrc/framework/autograd/FunctionsManual.h -> /home/runner/work/pytorch-npu-trae/pytorch-npu-trae/ascend_pytorch/build/packages/torch_npu/include/torch_npu/csrc/framework/autograd
copying /home/runner/work/pytorch-npu-trae/pytorch-npu-trae/ascend_pytorch/torch_npu/csrc/inductor/aoti_torch/c/shim.h -> /home/runner/work/pytorch-npu-trae/pytorch-npu-trae/ascend_pytorch/build/packages/torch_npu/include/torch_npu/csrc/inductor/aoti_torch/c
copying /home/runner/work/pytorch-npu-trae/pytorch-npu-trae/ascend_pytorch/torch_npu/csrc/toolkit/profiler/inc/data_dumper.h -> /home/runner/work/pytorch-npu-trae/pytorch-npu-trae/ascend_pytorch/build/packages/torch_npu/include/torch_npu/csrc/toolkit/profiler/inc
copying /home/runner/work/pytorch-npu-trae/pytorch-npu-trae/ascend_pytorch/torch_npu/csrc/toolkit/profiler/inc/data_reporter.h -> /home/runner/work/pytorch-npu-trae/pytorch-npu-trae/ascend_pytorch/build/packages/torch_npu/include/torch_npu/csrc/toolkit/profiler/inc
copying /home/runner/work/pytorch-npu-trae/pytorch-npu-trae/ascend_pytorch/torch_npu/csrc/toolkit/profiler/common/utils.h -> /home/runner/work/pytorch-npu-trae/pytorch-npu-trae/ascend_pytorch/build/packages/torch_npu/include/torch_npu/csrc/toolkit/profiler/common
copying /home/runner/work/pytorch-npu-trae/pytorch-npu-trae/ascend_pytorch/torch_npu/csrc/toolkit/profiler/common/ring_buffer.h -> /home/runner/work/pytorch-npu-trae/pytorch-npu-trae/ascend_pytorch/build/packages/torch_npu/include/torch_npu/csrc/toolkit/profiler/common
copying /home/runner/work/pytorch-npu-trae/pytorch-npu-trae/ascend_pytorch/torch_npu/csrc/toolkit/profiler/common/singleton.h -> /home/runner/work/pytorch-npu-trae/pytorch-npu-trae/ascend_pytorch/build/packages/torch_npu/include/torch_npu/csrc/toolkit/profiler/common
copying /home/runner/work/pytorch-npu-trae/pytorch-npu-trae/ascend_pytorch/torch_npu/csrc/toolkit/profiler/common/thread.h -> /home/runner/work/pytorch-npu-trae/pytorch-npu-trae/ascend_pytorch/build/packages/torch_npu/include/torch_npu/csrc/toolkit/profiler/common
copying /home/runner/work/pytorch-npu-trae/pytorch-npu-trae/ascend_pytorch/torch_npu/csrc/core/npu/register/OptionRegister.h -> /home/runner/work/pytorch-npu-trae/pytorch-npu-trae/ascend_pytorch/build/packages/torch_npu/include/torch_npu/csrc/core/npu/register
copying /home/runner/work/pytorch-npu-trae/pytorch-npu-trae/ascend_pytorch/torch_npu/csrc/core/npu/register/FunctionLoader.h -> /home/runner/work/pytorch-npu-trae/pytorch-npu-trae/ascend_pytorch/build/packages/torch_npu/include/torch_npu/csrc/core/npu/register
copying /home/runner/work/pytorch-npu-trae/pytorch-npu-trae/ascend_pytorch/torch_npu/csrc/core/npu/register/OptionsManager.h -> /home/runner/work/pytorch-npu-trae/pytorch-npu-trae/ascend_pytorch/build/packages/torch_npu/include/torch_npu/csrc/core/npu/register
copying /home/runner/work/pytorch-npu-trae/pytorch-npu-trae/ascend_pytorch/torch_npu/csrc/core/npu/interface/AsyncTaskQueueInterface.h -> /home/runner/work/pytorch-npu-trae/pytorch-npu-trae/ascend_pytorch/build/packages/torch_npu/include/torch_npu/csrc/core/npu/interface
copying /home/runner/work/pytorch-npu-trae/pytorch-npu-trae/ascend_pytorch/torch_npu/csrc/core/npu/interface/AclInterface.h -> /home/runner/work/pytorch-npu-trae/pytorch-npu-trae/ascend_pytorch/build/packages/torch_npu/include/torch_npu/csrc/core/npu/interface
copying /home/runner/work/pytorch-npu-trae/pytorch-npu-trae/ascend_pytorch/torch_npu/csrc/core/npu/interface/AclCallDecorator.h -> /home/runner/work/pytorch-npu-trae/pytorch-npu-trae/ascend_pytorch/build/packages/torch_npu/include/torch_npu/csrc/core/npu/interface
copying /home/runner/work/pytorch-npu-trae/pytorch-npu-trae/ascend_pytorch/torch_npu/csrc/core/npu/interface/HcclInterface.h -> /home/runner/work/pytorch-npu-trae/pytorch-npu-trae/ascend_pytorch/build/packages/torch_npu/include/torch_npu/csrc/core/npu/interface
copying /home/runner/work/pytorch-npu-trae/pytorch-npu-trae/ascend_pytorch/torch_npu/csrc/core/npu/interface/MlInterface.h -> /home/runner/work/pytorch-npu-trae/pytorch-npu-trae/ascend_pytorch/build/packages/torch_npu/include/torch_npu/csrc/core/npu/interface
copying /home/runner/work/pytorch-npu-trae/pytorch-npu-trae/ascend_pytorch/torch_npu/csrc/core/npu/interface/OpInterface.h -> /home/runner/work/pytorch-npu-trae/pytorch-npu-trae/ascend_pytorch/build/packages/torch_npu/include/torch_npu/csrc/core/npu/interface
copying /home/runner/work/pytorch-npu-trae/pytorch-npu-trae/ascend_pytorch/torch_npu/csrc/core/npu/interface/DcmiInterface.h -> /home/runner/work/pytorch-npu-trae/pytorch-npu-trae/ascend_pytorch/build/packages/torch_npu/include/torch_npu/csrc/core/npu/interface
copying /home/runner/work/pytorch-npu-trae/pytorch-npu-trae/ascend_pytorch/torch_npu/csrc/core/npu/interface/LcclInterface.h -> /home/runner/work/pytorch-npu-trae/pytorch-npu-trae/ascend_pytorch/build/packages/torch_npu/include/torch_npu/csrc/core/npu/interface
copying /home/runner/work/pytorch-npu-trae/pytorch-npu-trae/ascend_pytorch/torch_npu/csrc/core/npu/sys_ctrl/npu_sys_ctrl.h -> /home/runner/work/pytorch-npu-trae/pytorch-npu-trae/ascend_pytorch/build/packages/torch_npu/include/torch_npu/csrc/core/npu/sys_ctrl
copying /home/runner/work/pytorch-npu-trae/pytorch-npu-trae/ascend_pytorch/torch_npu/csrc/core/npu/impl/NPUGuardImpl.h -> /home/runner/work/pytorch-npu-trae/pytorch-npu-trae/ascend_pytorch/build/packages/torch_npu/include/torch_npu/csrc/core/npu/impl
copying /home/runner/work/pytorch-npu-trae/pytorch-npu-trae/ascend_pytorch/third_party/acl/inc/ge/ge_api.h -> /home/runner/work/pytorch-npu-trae/pytorch-npu-trae/ascend_pytorch/build/packages/torch_npu/include/torch_npu/../third_party/acl/inc/ge
copying /home/runner/work/pytorch-npu-trae/pytorch-npu-trae/ascend_pytorch/third_party/acl/inc/ge/ge_error_codes.h -> /home/runner/work/pytorch-npu-trae/pytorch-npu-trae/ascend_pytorch/build/packages/torch_npu/include/torch_npu/../third_party/acl/inc/ge
copying /home/runner/work/pytorch-npu-trae/pytorch-npu-trae/ascend_pytorch/third_party/acl/inc/ge/ge_api_types.h -> /home/runner/work/pytorch-npu-trae/pytorch-npu-trae/ascend_pytorch/build/packages/torch_npu/include/torch_npu/../third_party/acl/inc/ge
copying /home/runner/work/pytorch-npu-trae/pytorch-npu-trae/ascend_pytorch/third_party/acl/inc/ge/ge_api_error_codes.h -> /home/runner/work/pytorch-npu-trae/pytorch-npu-trae/ascend_pytorch/build/packages/torch_npu/include/torch_npu/../third_party/acl/inc/ge
copying /home/runner/work/pytorch-npu-trae/pytorch-npu-trae/ascend_pytorch/third_party/acl/inc/ge/ge_ir_build.h -> /home/runner/work/pytorch-npu-trae/pytorch-npu-trae/ascend_pytorch/build/packages/torch_npu/include/torch_npu/../third_party/acl/inc/ge
copying /home/runner/work/pytorch-npu-trae/pytorch-npu-trae/ascend_pytorch/third_party/acl/inc/graph/ge_error_codes.h -> /home/runner/work/pytorch-npu-trae/pytorch-npu-trae/ascend_pytorch/build/packages/torch_npu/include/torch_npu/../third_party/acl/inc/graph
copying /home/runner/work/pytorch-npu-trae/pytorch-npu-trae/ascend_pytorch/third_party/acl/inc/graph/attr_value.h -> /home/runner/work/pytorch-npu-trae/pytorch-npu-trae/ascend_pytorch/build/packages/torch_npu/include/torch_npu/../third_party/acl/inc/graph
copying /home/runner/work/pytorch-npu-trae/pytorch-npu-trae/ascend_pytorch/third_party/acl/inc/graph/operator_factory.h -> /home/runner/work/pytorch-npu-trae/pytorch-npu-trae/ascend_pytorch/build/packages/torch_npu/include/torch_npu/../third_party/acl/inc/graph
copying /home/runner/work/pytorch-npu-trae/pytorch-npu-trae/ascend_pytorch/third_party/acl/inc/graph/ascend_string.h -> /home/runner/work/pytorch-npu-trae/pytorch-npu-trae/ascend_pytorch/build/packages/torch_npu/include/torch_npu/../third_party/acl/inc/graph
copying /home/runner/work/pytorch-npu-trae/pytorch-npu-trae/ascend_pytorch/third_party/acl/inc/graph/gnode.h -> /home/runner/work/pytorch-npu-trae/pytorch-npu-trae/ascend_pytorch/build/packages/torch_npu/include/torch_npu/../third_party/acl/inc/graph
copying /home/runner/work/pytorch-npu-trae/pytorch-npu-trae/ascend_pytorch/third_party/acl/inc/graph/operator.h -> /home/runner/work/pytorch-npu-trae/pytorch-npu-trae/ascend_pytorch/build/packages/torch_npu/include/torch_npu/../third_party/acl/inc/graph
copying /home/runner/work/pytorch-npu-trae/pytorch-npu-trae/ascend_pytorch/third_party/acl/inc/graph/resource_context.h -> /home/runner/work/pytorch-npu-trae/pytorch-npu-trae/ascend_pytorch/build/packages/torch_npu/include/torch_npu/../third_party/acl/inc/graph
copying /home/runner/work/pytorch-npu-trae/pytorch-npu-trae/ascend_pytorch/third_party/acl/inc/graph/inference_context.h -> /home/runner/work/pytorch-npu-trae/pytorch-npu-trae/ascend_pytorch/build/packages/torch_npu/include/torch_npu/../third_party/acl/inc/graph
copying /home/runner/work/pytorch-npu-trae/pytorch-npu-trae/ascend_pytorch/third_party/acl/inc/graph/c_types.h -> /home/runner/work/pytorch-npu-trae/pytorch-npu-trae/ascend_pytorch/build/packages/torch_npu/include/torch_npu/../third_party/acl/inc/graph
copying /home/runner/work/pytorch-npu-trae/pytorch-npu-trae/ascend_pytorch/third_party/acl/inc/graph/operator_reg.h -> /home/runner/work/pytorch-npu-trae/pytorch-npu-trae/ascend_pytorch/build/packages/torch_npu/include/torch_npu/../third_party/acl/inc/graph
copying /home/runner/work/pytorch-npu-trae/pytorch-npu-trae/ascend_pytorch/third_party/acl/inc/graph/types.h -> /home/runner/work/pytorch-npu-trae/pytorch-npu-trae/ascend_pytorch/build/packages/torch_npu/include/torch_npu/../third_party/acl/inc/graph
copying /home/runner/work/pytorch-npu-trae/pytorch-npu-trae/ascend_pytorch/third_party/acl/inc/graph/graph.h -> /home/runner/work/pytorch-npu-trae/pytorch-npu-trae/ascend_pytorch/build/packages/torch_npu/include/torch_npu/../third_party/acl/inc/graph
copying /home/runner/work/pytorch-npu-trae/pytorch-npu-trae/ascend_pytorch/third_party/acl/inc/graph/tensor.h -> /home/runner/work/pytorch-npu-trae/pytorch-npu-trae/ascend_pytorch/build/packages/torch_npu/include/torch_npu/../third_party/acl/inc/graph
copying /home/runner/work/pytorch-npu-trae/pytorch-npu-trae/ascend_pytorch/third_party/acl/inc/acl/acl_tdt_queue.h -> /home/runner/work/pytorch-npu-trae/pytorch-npu-trae/ascend_pytorch/build/packages/torch_npu/include/torch_npu/../third_party/acl/inc/acl
copying /home/runner/work/pytorch-npu-trae/pytorch-npu-trae/ascend_pytorch/third_party/acl/inc/acl/acl_prof.h -> /home/runner/work/pytorch-npu-trae/pytorch-npu-trae/ascend_pytorch/build/packages/torch_npu/include/torch_npu/../third_party/acl/inc/acl
copying /home/runner/work/pytorch-npu-trae/pytorch-npu-trae/ascend_pytorch/third_party/acl/inc/acl/acl_tdt.h -> /home/runner/work/pytorch-npu-trae/pytorch-npu-trae/ascend_pytorch/build/packages/torch_npu/include/torch_npu/../third_party/acl/inc/acl
copying /home/runner/work/pytorch-npu-trae/pytorch-npu-trae/ascend_pytorch/third_party/acl/inc/acl/acl_base.h -> /home/runner/work/pytorch-npu-trae/pytorch-npu-trae/ascend_pytorch/build/packages/torch_npu/include/torch_npu/../third_party/acl/inc/acl
copying /home/runner/work/pytorch-npu-trae/pytorch-npu-trae/ascend_pytorch/third_party/acl/inc/acl/acl_op_compiler.h -> /home/runner/work/pytorch-npu-trae/pytorch-npu-trae/ascend_pytorch/build/packages/torch_npu/include/torch_npu/../third_party/acl/inc/acl
copying /home/runner/work/pytorch-npu-trae/pytorch-npu-trae/ascend_pytorch/third_party/acl/inc/acl/acl_op.h -> /home/runner/work/pytorch-npu-trae/pytorch-npu-trae/ascend_pytorch/build/packages/torch_npu/include/torch_npu/../third_party/acl/inc/acl
copying /home/runner/work/pytorch-npu-trae/pytorch-npu-trae/ascend_pytorch/third_party/acl/inc/acl/acl_mdl.h -> /home/runner/work/pytorch-npu-trae/pytorch-npu-trae/ascend_pytorch/build/packages/torch_npu/include/torch_npu/../third_party/acl/inc/acl
copying /home/runner/work/pytorch-npu-trae/pytorch-npu-trae/ascend_pytorch/third_party/acl/inc/acl/acl_rt_allocator.h -> /home/runner/work/pytorch-npu-trae/pytorch-npu-trae/ascend_pytorch/build/packages/torch_npu/include/torch_npu/../third_party/acl/inc/acl
copying /home/runner/work/pytorch-npu-trae/pytorch-npu-trae/ascend_pytorch/third_party/acl/inc/acl/acl.h -> /home/runner/work/pytorch-npu-trae/pytorch-npu-trae/ascend_pytorch/build/packages/torch_npu/include/torch_npu/../third_party/acl/inc/acl
copying /home/runner/work/pytorch-npu-trae/pytorch-npu-trae/ascend_pytorch/third_party/acl/inc/acl/acl_rt.h -> /home/runner/work/pytorch-npu-trae/pytorch-npu-trae/ascend_pytorch/build/packages/torch_npu/include/torch_npu/../third_party/acl/inc/acl
copying /home/runner/work/pytorch-npu-trae/pytorch-npu-trae/ascend_pytorch/third_party/acl/inc/aml/aml_fwk_detect.h -> /home/runner/work/pytorch-npu-trae/pytorch-npu-trae/ascend_pytorch/build/packages/torch_npu/include/torch_npu/../third_party/acl/inc/aml
copying /home/runner/work/pytorch-npu-trae/pytorch-npu-trae/ascend_pytorch/third_party/acl/inc/op_proto/array_ops.h -> /home/runner/work/pytorch-npu-trae/pytorch-npu-trae/ascend_pytorch/build/packages/torch_npu/include/torch_npu/../third_party/acl/inc/op_proto
copying /home/runner/work/pytorch-npu-trae/pytorch-npu-trae/ascend_pytorch/third_party/acl/inc/op_proto/index_ops.h -> /home/runner/work/pytorch-npu-trae/pytorch-npu-trae/ascend_pytorch/build/packages/torch_npu/include/torch_npu/../third_party/acl/inc/op_proto
copying /home/runner/work/pytorch-npu-trae/pytorch-npu-trae/ascend_pytorch/third_party/acl/inc/op_proto/data_flow_ops.h -> /home/runner/work/pytorch-npu-trae/pytorch-npu-trae/ascend_pytorch/build/packages/torch_npu/include/torch_npu/../third_party/acl/inc/op_proto
copying /home/runner/work/pytorch-npu-trae/pytorch-npu-trae/ascend_pytorch/third_party/acl/inc/op_proto/experiment_ops.h -> /home/runner/work/pytorch-npu-trae/pytorch-npu-trae/ascend_pytorch/build/packages/torch_npu/include/torch_npu/../third_party/acl/inc/op_proto
copying /home/runner/work/pytorch-npu-trae/pytorch-npu-trae/ascend_pytorch/third_party/acl/inc/op_proto/split_combination_ops.h -> /home/runner/work/pytorch-npu-trae/pytorch-npu-trae/ascend_pytorch/build/packages/torch_npu/include/torch_npu/../third_party/acl/inc/op_proto
copying /home/runner/work/pytorch-npu-trae/pytorch-npu-trae/ascend_pytorch/third_party/acl/inc/op_proto/all_ops.h -> /home/runner/work/pytorch-npu-trae/pytorch-npu-trae/ascend_pytorch/build/packages/torch_npu/include/torch_npu/../third_party/acl/inc/op_proto
copying /home/runner/work/pytorch-npu-trae/pytorch-npu-trae/ascend_pytorch/third_party/hccl/inc/hccl/lcal_api.h -> /home/runner/work/pytorch-npu-trae/pytorch-npu-trae/ascend_pytorch/build/packages/torch_npu/include/torch_npu/../third_party/hccl/inc/hccl
copying /home/runner/work/pytorch-npu-trae/pytorch-npu-trae/ascend_pytorch/third_party/hccl/inc/hccl/hccl.h -> /home/runner/work/pytorch-npu-trae/pytorch-npu-trae/ascend_pytorch/build/packages/torch_npu/include/torch_npu/../third_party/hccl/inc/hccl
copying /home/runner/work/pytorch-npu-trae/pytorch-npu-trae/ascend_pytorch/third_party/hccl/inc/hccl/hccl_types.h -> /home/runner/work/pytorch-npu-trae/pytorch-npu-trae/ascend_pytorch/build/packages/torch_npu/include/torch_npu/../third_party/hccl/inc/hccl
copying /home/runner/work/pytorch-npu-trae/pytorch-npu-trae/ascend_pytorch/third_party/acl/inc/acl/ops/acl_cblas.h -> /home/runner/work/pytorch-npu-trae/pytorch-npu-trae/ascend_pytorch/build/packages/torch_npu/include/torch_npu/../third_party/acl/inc/acl/ops
copying /home/runner/work/pytorch-npu-trae/pytorch-npu-trae/ascend_pytorch/third_party/acl/inc/acl/ops/acl_dvpp.h -> /home/runner/work/pytorch-npu-trae/pytorch-npu-trae/ascend_pytorch/build/packages/torch_npu/include/torch_npu/../third_party/acl/inc/acl/ops
copying /home/runner/work/pytorch-npu-trae/pytorch-npu-trae/ascend_pytorch/third_party/acl/inc/acl/ops/acl_fv.h -> /home/runner/work/pytorch-npu-trae/pytorch-npu-trae/ascend_pytorch/build/packages/torch_npu/include/torch_npu/../third_party/acl/inc/acl/ops
copying /home/runner/work/pytorch-npu-trae/pytorch-npu-trae/ascend_pytorch/third_party/acl/inc/acl/error_codes/rt_error_codes.h -> /home/runner/work/pytorch-npu-trae/pytorch-npu-trae/ascend_pytorch/build/packages/torch_npu/include/torch_npu/../third_party/acl/inc/acl/error_codes
copying /home/runner/work/pytorch-npu-trae/pytorch-npu-trae/ascend_pytorch/torch_npu/csrc/distributed/HCCLUtils.hpp -> /home/runner/work/pytorch-npu-trae/pytorch-npu-trae/ascend_pytorch/build/packages/torch_npu/include/torch_npu/csrc/distributed
copying /home/runner/work/pytorch-npu-trae/pytorch-npu-trae/ascend_pytorch/torch_npu/csrc/distributed/ProcessGroupHCCL.hpp -> /home/runner/work/pytorch-npu-trae/pytorch-npu-trae/ascend_pytorch/build/packages/torch_npu/include/torch_npu/csrc/distributed
copying /home/runner/work/pytorch-npu-trae/pytorch-npu-trae/ascend_pytorch/third_party/op-plugin/op_plugin/include/ops.h -> /home/runner/work/pytorch-npu-trae/pytorch-npu-trae/ascend_pytorch/build/packages/torch_npu/include/torch_npu/../third_party/op-plugin/op_plugin/include
copying /home/runner/work/pytorch-npu-trae/pytorch-npu-trae/ascend_pytorch/third_party/op-plugin/op_plugin/include/npu_cpp_extension.h -> /home/runner/work/pytorch-npu-trae/pytorch-npu-trae/ascend_pytorch/build/packages/torch_npu/include/torch_npu/../third_party/op-plugin/op_plugin/include
copying /home/runner/work/pytorch-npu-trae/pytorch-npu-trae/ascend_pytorch/third_party/op-plugin/op_plugin/utils/OpAdapter.h -> /home/runner/work/pytorch-npu-trae/pytorch-npu-trae/ascend_pytorch/build/packages/torch_npu/include/torch_npu/../third_party/op-plugin/op_plugin/utils
copying /home/runner/work/pytorch-npu-trae/pytorch-npu-trae/ascend_pytorch/third_party/op-plugin/op_plugin/utils/KernelNpuOutputSize.h -> /home/runner/work/pytorch-npu-trae/pytorch-npu-trae/ascend_pytorch/build/packages/torch_npu/include/torch_npu/../third_party/op-plugin/op_plugin/utils
copying /home/runner/work/pytorch-npu-trae/pytorch-npu-trae/ascend_pytorch/third_party/op-plugin/op_plugin/utils/op_api_common.h -> /home/runner/work/pytorch-npu-trae/pytorch-npu-trae/ascend_pytorch/build/packages/torch_npu/include/torch_npu/../third_party/op-plugin/op_plugin/utils
copying /home/runner/work/pytorch-npu-trae/pytorch-npu-trae/ascend_pytorch/third_party/op-plugin/op_plugin/utils/op_log_utils.h -> /home/runner/work/pytorch-npu-trae/pytorch-npu-trae/ascend_pytorch/build/packages/torch_npu/include/torch_npu/../third_party/op-plugin/op_plugin/utils
copying /home/runner/work/pytorch-npu-trae/pytorch-npu-trae/ascend_pytorch/third_party/op-plugin/op_plugin/utils/Version.h -> /home/runner/work/pytorch-npu-trae/pytorch-npu-trae/ascend_pytorch/build/packages/torch_npu/include/torch_npu/../third_party/op-plugin/op_plugin/utils
copying /home/runner/work/pytorch-npu-trae/pytorch-npu-trae/ascend_pytorch/third_party/op-plugin/op_plugin/utils/OpConstants.h -> /home/runner/work/pytorch-npu-trae/pytorch-npu-trae/ascend_pytorch/build/packages/torch_npu/include/torch_npu/../third_party/op-plugin/op_plugin/utils
copying /home/runner/work/pytorch-npu-trae/pytorch-npu-trae/ascend_pytorch/third_party/op-plugin/op_plugin/utils/op_log.h -> /home/runner/work/pytorch-npu-trae/pytorch-npu-trae/ascend_pytorch/build/packages/torch_npu/include/torch_npu/../third_party/op-plugin/op_plugin/utils
copying /home/runner/work/pytorch-npu-trae/pytorch-npu-trae/ascend_pytorch/third_party/op-plugin/op_plugin/utils/OpUtils.h -> /home/runner/work/pytorch-npu-trae/pytorch-npu-trae/ascend_pytorch/build/packages/torch_npu/include/torch_npu/../third_party/op-plugin/op_plugin/utils
copying /home/runner/work/pytorch-npu-trae/pytorch-npu-trae/ascend_pytorch/third_party/op-plugin/op_plugin/utils/KernelNpuNewParams.h -> /home/runner/work/pytorch-npu-trae/pytorch-npu-trae/ascend_pytorch/build/packages/torch_npu/include/torch_npu/../third_party/op-plugin/op_plugin/utils
copying /home/runner/work/pytorch-npu-trae/pytorch-npu-trae/ascend_pytorch/third_party/op-plugin/op_plugin/utils/KernelNpuOutputDtype.h -> /home/runner/work/pytorch-npu-trae/pytorch-npu-trae/ascend_pytorch/build/packages/torch_npu/include/torch_npu/../third_party/op-plugin/op_plugin/utils
copying /home/runner/work/pytorch-npu-trae/pytorch-npu-trae/ascend_pytorch/third_party/op-plugin/op_plugin/utils/Export.h -> /home/runner/work/pytorch-npu-trae/pytorch-npu-trae/ascend_pytorch/build/packages/torch_npu/include/torch_npu/../third_party/op-plugin/op_plugin/utils
copying /home/runner/work/pytorch-npu-trae/pytorch-npu-trae/ascend_pytorch/third_party/op-plugin/op_plugin/utils/op_api_common_base.h -> /home/runner/work/pytorch-npu-trae/pytorch-npu-trae/ascend_pytorch/build/packages/torch_npu/include/torch_npu/../third_party/op-plugin/op_plugin/utils
copying /home/runner/work/pytorch-npu-trae/pytorch-npu-trae/ascend_pytorch/third_party/op-plugin/op_plugin/utils/AdvancedIndex.h -> /home/runner/work/pytorch-npu-trae/pytorch-npu-trae/ascend_pytorch/build/packages/torch_npu/include/torch_npu/../third_party/op-plugin/op_plugin/utils
copying /home/runner/work/pytorch-npu-trae/pytorch-npu-trae/ascend_pytorch/torch_npu/_inductor/codegen/aoti_runtime/interface.cpp -> /home/runner/work/pytorch-npu-trae/pytorch-npu-trae/ascend_pytorch/build/packages/torch_npu/_inductor/codegen/aoti_runtime
copying /home/runner/work/pytorch-npu-trae/pytorch-npu-trae/ascend_pytorch/torchnpugen/custom_functions.py -> /home/runner/work/pytorch-npu-trae/pytorch-npu-trae/ascend_pytorch/build/packages/torchnpugen
copying /home/runner/work/pytorch-npu-trae/pytorch-npu-trae/ascend_pytorch/torchnpugen/gen_functionalization_type.py -> /home/runner/work/pytorch-npu-trae/pytorch-npu-trae/ascend_pytorch/build/packages/torchnpugen
copying /home/runner/work/pytorch-npu-trae/pytorch-npu-trae/ascend_pytorch/torchnpugen/codegen_ops_info.py -> /home/runner/work/pytorch-npu-trae/pytorch-npu-trae/ascend_pytorch/build/packages/torchnpugen
copying /home/runner/work/pytorch-npu-trae/pytorch-npu-trae/ascend_pytorch/torchnpugen/utils.py -> /home/runner/work/pytorch-npu-trae/pytorch-npu-trae/ascend_pytorch/build/packages/torchnpugen
copying /home/runner/work/pytorch-npu-trae/pytorch-npu-trae/ascend_pytorch/torchnpugen/__init__.py -> /home/runner/work/pytorch-npu-trae/pytorch-npu-trae/ascend_pytorch/build/packages/torchnpugen
copying /home/runner/work/pytorch-npu-trae/pytorch-npu-trae/ascend_pytorch/torchnpugen/gen_backend_stubs.py -> /home/runner/work/pytorch-npu-trae/pytorch-npu-trae/ascend_pytorch/build/packages/torchnpugen
copying /home/runner/work/pytorch-npu-trae/pytorch-npu-trae/ascend_pytorch/torchnpugen/templates/custom_ops.py -> /home/runner/work/pytorch-npu-trae/pytorch-npu-trae/ascend_pytorch/build/packages/torchnpugen/templates
copying /home/runner/work/pytorch-npu-trae/pytorch-npu-trae/ascend_pytorch/torchnpugen/templates/npu_testing_utils.py -> /home/runner/work/pytorch-npu-trae/pytorch-npu-trae/ascend_pytorch/build/packages/torchnpugen/templates
copying /home/runner/work/pytorch-npu-trae/pytorch-npu-trae/ascend_pytorch/torchnpugen/autograd/gen_variable_factories.py -> /home/runner/work/pytorch-npu-trae/pytorch-npu-trae/ascend_pytorch/build/packages/torchnpugen/autograd
copying /home/runner/work/pytorch-npu-trae/pytorch-npu-trae/ascend_pytorch/torchnpugen/autograd/gen_variable_type.py -> /home/runner/work/pytorch-npu-trae/pytorch-npu-trae/ascend_pytorch/build/packages/torchnpugen/autograd
copying /home/runner/work/pytorch-npu-trae/pytorch-npu-trae/ascend_pytorch/torchnpugen/autograd/gen_autograd_functions.py -> /home/runner/work/pytorch-npu-trae/pytorch-npu-trae/ascend_pytorch/build/packages/torchnpugen/autograd
copying /home/runner/work/pytorch-npu-trae/pytorch-npu-trae/ascend_pytorch/torchnpugen/autograd/gen_autograd.py -> /home/runner/work/pytorch-npu-trae/pytorch-npu-trae/ascend_pytorch/build/packages/torchnpugen/autograd
copying /home/runner/work/pytorch-npu-trae/pytorch-npu-trae/ascend_pytorch/torchnpugen/autograd/utils.py -> /home/runner/work/pytorch-npu-trae/pytorch-npu-trae/ascend_pytorch/build/packages/torchnpugen/autograd
copying /home/runner/work/pytorch-npu-trae/pytorch-npu-trae/ascend_pytorch/torchnpugen/autograd/__init__.py -> /home/runner/work/pytorch-npu-trae/pytorch-npu-trae/ascend_pytorch/build/packages/torchnpugen/autograd
copying /home/runner/work/pytorch-npu-trae/pytorch-npu-trae/ascend_pytorch/torchnpugen/templates/CustomRedispatch.cpp -> /home/runner/work/pytorch-npu-trae/pytorch-npu-trae/ascend_pytorch/build/packages/torchnpugen/templates
copying /home/runner/work/pytorch-npu-trae/pytorch-npu-trae/ascend_pytorch/torchnpugen/templates/ForeachRegister.cpp -> /home/runner/work/pytorch-npu-trae/pytorch-npu-trae/ascend_pytorch/build/packages/torchnpugen/templates
copying /home/runner/work/pytorch-npu-trae/pytorch-npu-trae/ascend_pytorch/torchnpugen/templates/CustomRegisterSchema.cpp -> /home/runner/work/pytorch-npu-trae/pytorch-npu-trae/ascend_pytorch/build/packages/torchnpugen/templates
copying /home/runner/work/pytorch-npu-trae/pytorch-npu-trae/ascend_pytorch/torchnpugen/templates/RegisterFunctionalization.cpp -> /home/runner/work/pytorch-npu-trae/pytorch-npu-trae/ascend_pytorch/build/packages/torchnpugen/templates
copying /home/runner/work/pytorch-npu-trae/pytorch-npu-trae/ascend_pytorch/torchnpugen/templates/CustomFunctions.cpp -> /home/runner/work/pytorch-npu-trae/pytorch-npu-trae/ascend_pytorch/build/packages/torchnpugen/templates
copying /home/runner/work/pytorch-npu-trae/pytorch-npu-trae/ascend_pytorch/torchnpugen/autograd/templates/Functions.cpp -> /home/runner/work/pytorch-npu-trae/pytorch-npu-trae/ascend_pytorch/build/packages/torchnpugen/autograd/templates
copying /home/runner/work/pytorch-npu-trae/pytorch-npu-trae/ascend_pytorch/torchnpugen/autograd/templates/VariableType.cpp -> /home/runner/work/pytorch-npu-trae/pytorch-npu-trae/ascend_pytorch/build/packages/torchnpugen/autograd/templates
copying /home/runner/work/pytorch-npu-trae/pytorch-npu-trae/ascend_pytorch/torchnpugen/autograd/templates/python_functions.cpp -> /home/runner/work/pytorch-npu-trae/pytorch-npu-trae/ascend_pytorch/build/packages/torchnpugen/autograd/templates
copying /home/runner/work/pytorch-npu-trae/pytorch-npu-trae/ascend_pytorch/torchnpugen/autograd/templates/ADInplaceOrViewType.cpp -> /home/runner/work/pytorch-npu-trae/pytorch-npu-trae/ascend_pytorch/build/packages/torchnpugen/autograd/templates
copying /home/runner/work/pytorch-npu-trae/pytorch-npu-trae/ascend_pytorch/torchnpugen/templates/CustomFunctions.h -> /home/runner/work/pytorch-npu-trae/pytorch-npu-trae/ascend_pytorch/build/packages/torchnpugen/templates
copying /home/runner/work/pytorch-npu-trae/pytorch-npu-trae/ascend_pytorch/torchnpugen/templates/CustomRedispatch.h -> /home/runner/work/pytorch-npu-trae/pytorch-npu-trae/ascend_pytorch/build/packages/torchnpugen/templates
copying /home/runner/work/pytorch-npu-trae/pytorch-npu-trae/ascend_pytorch/torchnpugen/autograd/templates/Functions.h -> /home/runner/work/pytorch-npu-trae/pytorch-npu-trae/ascend_pytorch/build/packages/torchnpugen/autograd/templates
copying /home/runner/work/pytorch-npu-trae/pytorch-npu-trae/ascend_pytorch/torchnpugen/autograd/templates/python_functions.h -> /home/runner/work/pytorch-npu-trae/pytorch-npu-trae/ascend_pytorch/build/packages/torchnpugen/autograd/templates
copying /home/runner/work/pytorch-npu-trae/pytorch-npu-trae/ascend_pytorch/torchnpugen/autograd/templates/VariableType.h -> /home/runner/work/pytorch-npu-trae/pytorch-npu-trae/ascend_pytorch/build/packages/torchnpugen/autograd/templates
copying /home/runner/work/pytorch-npu-trae/pytorch-npu-trae/ascend_pytorch/third_party/op-plugin/torchnpugen/gen.py -> /home/runner/work/pytorch-npu-trae/pytorch-npu-trae/ascend_pytorch/build/packages/torchnpugen
copying /home/runner/work/pytorch-npu-trae/pytorch-npu-trae/ascend_pytorch/third_party/op-plugin/torchnpugen/model.py -> /home/runner/work/pytorch-npu-trae/pytorch-npu-trae/ascend_pytorch/build/packages/torchnpugen
copying /home/runner/work/pytorch-npu-trae/pytorch-npu-trae/ascend_pytorch/third_party/op-plugin/torchnpugen/gen_op_plugin_functions.py -> /home/runner/work/pytorch-npu-trae/pytorch-npu-trae/ascend_pytorch/build/packages/torchnpugen
copying /home/runner/work/pytorch-npu-trae/pytorch-npu-trae/ascend_pytorch/third_party/op-plugin/torchnpugen/gen_op_backend.py -> /home/runner/work/pytorch-npu-trae/pytorch-npu-trae/ascend_pytorch/build/packages/torchnpugen
copying /home/runner/work/pytorch-npu-trae/pytorch-npu-trae/ascend_pytorch/third_party/op-plugin/torchnpugen/local.py -> /home/runner/work/pytorch-npu-trae/pytorch-npu-trae/ascend_pytorch/build/packages/torchnpugen
copying /home/runner/work/pytorch-npu-trae/pytorch-npu-trae/ascend_pytorch/third_party/op-plugin/torchnpugen/context.py -> /home/runner/work/pytorch-npu-trae/pytorch-npu-trae/ascend_pytorch/build/packages/torchnpugen
copying /home/runner/work/pytorch-npu-trae/pytorch-npu-trae/ascend_pytorch/third_party/op-plugin/torchnpugen/code_template.py -> /home/runner/work/pytorch-npu-trae/pytorch-npu-trae/ascend_pytorch/build/packages/torchnpugen
copying /home/runner/work/pytorch-npu-trae/pytorch-npu-trae/ascend_pytorch/third_party/op-plugin/torchnpugen/gen_derivatives.py -> /home/runner/work/pytorch-npu-trae/pytorch-npu-trae/ascend_pytorch/build/packages/torchnpugen
copying /home/runner/work/pytorch-npu-trae/pytorch-npu-trae/ascend_pytorch/third_party/op-plugin/torchnpugen/op_codegen_utils.py -> /home/runner/work/pytorch-npu-trae/pytorch-npu-trae/ascend_pytorch/build/packages/torchnpugen
copying /home/runner/work/pytorch-npu-trae/pytorch-npu-trae/ascend_pytorch/third_party/op-plugin/torchnpugen/api/cpp.py -> /home/runner/work/pytorch-npu-trae/pytorch-npu-trae/ascend_pytorch/build/packages/torchnpugen/api
copying /home/runner/work/pytorch-npu-trae/pytorch-npu-trae/ascend_pytorch/third_party/op-plugin/torchnpugen/api/native.py -> /home/runner/work/pytorch-npu-trae/pytorch-npu-trae/ascend_pytorch/build/packages/torchnpugen/api
copying /home/runner/work/pytorch-npu-trae/pytorch-npu-trae/ascend_pytorch/third_party/op-plugin/torchnpugen/api/__init__.py -> /home/runner/work/pytorch-npu-trae/pytorch-npu-trae/ascend_pytorch/build/packages/torchnpugen/api
copying /home/runner/work/pytorch-npu-trae/pytorch-npu-trae/ascend_pytorch/third_party/op-plugin/torchnpugen/api/types/types_base.py -> /home/runner/work/pytorch-npu-trae/pytorch-npu-trae/ascend_pytorch/build/packages/torchnpugen/api/types
copying /home/runner/work/pytorch-npu-trae/pytorch-npu-trae/ascend_pytorch/third_party/op-plugin/torchnpugen/api/types/types.py -> /home/runner/work/pytorch-npu-trae/pytorch-npu-trae/ascend_pytorch/build/packages/torchnpugen/api/types
copying /home/runner/work/pytorch-npu-trae/pytorch-npu-trae/ascend_pytorch/third_party/op-plugin/torchnpugen/api/types/signatures.py -> /home/runner/work/pytorch-npu-trae/pytorch-npu-trae/ascend_pytorch/build/packages/torchnpugen/api/types
copying /home/runner/work/pytorch-npu-trae/pytorch-npu-trae/ascend_pytorch/third_party/op-plugin/torchnpugen/api/types/__init__.py -> /home/runner/work/pytorch-npu-trae/pytorch-npu-trae/ascend_pytorch/build/packages/torchnpugen/api/types
copying /home/runner/work/pytorch-npu-trae/pytorch-npu-trae/ascend_pytorch/third_party/op-plugin/torchnpugen/struct/model.py -> /home/runner/work/pytorch-npu-trae/pytorch-npu-trae/ascend_pytorch/build/packages/torchnpugen/struct
copying /home/runner/work/pytorch-npu-trae/pytorch-npu-trae/ascend_pytorch/third_party/op-plugin/torchnpugen/struct/gen_struct_opapi.py -> /home/runner/work/pytorch-npu-trae/pytorch-npu-trae/ascend_pytorch/build/packages/torchnpugen/struct
copying /home/runner/work/pytorch-npu-trae/pytorch-npu-trae/ascend_pytorch/third_party/op-plugin/torchnpugen/struct/struct_codegen.py -> /home/runner/work/pytorch-npu-trae/pytorch-npu-trae/ascend_pytorch/build/packages/torchnpugen/struct
copying /home/runner/work/pytorch-npu-trae/pytorch-npu-trae/ascend_pytorch/third_party/op-plugin/torchnpugen/struct/__init__.py -> /home/runner/work/pytorch-npu-trae/pytorch-npu-trae/ascend_pytorch/build/packages/torchnpugen/struct
copying /home/runner/work/pytorch-npu-trae/pytorch-npu-trae/ascend_pytorch/third_party/op-plugin/torchnpugen/struct/templates/StructKernelNpuOpApi.cpp -> /home/runner/work/pytorch-npu-trae/pytorch-npu-trae/ascend_pytorch/build/packages/torchnpugen/struct/templates
copying /home/runner/work/pytorch-npu-trae/pytorch-npu-trae/ascend_pytorch/third_party/op-plugin/torchnpugen/templates/OpInterface.cpp -> /home/runner/work/pytorch-npu-trae/pytorch-npu-trae/ascend_pytorch/build/packages/torchnpugen/templates
copying /home/runner/work/pytorch-npu-trae/pytorch-npu-trae/ascend_pytorch/third_party/op-plugin/torchnpugen/templates/Interface.h -> /home/runner/work/pytorch-npu-trae/pytorch-npu-trae/ascend_pytorch/build/packages/torchnpugen/templates
running build_clib
/home/runner/work/pytorch-npu-trae/pytorch-npu-trae/ascend_pytorch/setup.py:151: DeprecationWarning: distutils Version classes are deprecated. Use packaging.version instead.
  return LooseVersion(line.strip().split(' ')[2])
/home/runner/work/pytorch-npu-trae/pytorch-npu-trae/ascend_pytorch/setup.py:162: DeprecationWarning: distutils Version classes are deprecated. Use packaging.version instead.
  elif cmake is not None and _get_version(cmake) >= LooseVersion("3.18.0"):
-- Compile without ccache
-- The CXX compiler identification is GNU 11.4.0
-- The C compiler identification is GNU 11.4.0
-- Detecting CXX compiler ABI info
-- Detecting CXX compiler ABI info - done
-- Check for working CXX compiler: /usr/bin/c++ - skipped
-- Detecting CXX compile features
-- Detecting CXX compile features - done
-- Detecting C compiler ABI info
-- Detecting C compiler ABI info - done
-- Check for working C compiler: /usr/bin/cc - skipped
-- Detecting C compile features
-- Detecting C compile features - done
CMake Warning at /opt/hostedtoolcache/Python/3.11.14/x64/lib/python3.11/site-packages/torch/share/cmake/Torch/TorchConfig.cmake:22 (message):
  library kineto not found.
Call Stack (most recent call first):
  /opt/hostedtoolcache/Python/3.11.14/x64/lib/python3.11/site-packages/torch/share/cmake/Torch/TorchConfig.cmake:119 (append_torchlib_if_found)
  CMakeLists.txt:79 (FIND_PACKAGE)


-- Found Torch: /opt/hostedtoolcache/Python/3.11.14/x64/lib/python3.11/site-packages/torch/lib/libtorch.so
Release build.
-- Determined _GLIBCXX_USE_CXX11_ABI=1
-- Performing Test COMPILER_SUPPORTS_HIDDEN_VISIBILITY
-- Performing Test COMPILER_SUPPORTS_HIDDEN_VISIBILITY - Success
-- {fmt} version: 11.1.4
-- Build type: Release
-- Using ATen parallel backend: OMP
-- Configuring done (1.3s)
-- Generating done (0.2s)
-- Build files have been written to: /home/runner/work/pytorch-npu-trae/pytorch-npu-trae/ascend_pytorch/build
[  0%] Building CXX object torch_npu/csrc/toolkit/profiler/CMakeFiles/npu_profiler.dir/common/utils.cpp.o
[  0%] Building CXX object torch_npu/csrc/toolkit/profiler/CMakeFiles/npu_profiler.dir/src/data_dumper.cpp.o
[  0%] Building CXX object torch_npu/csrc/toolkit/profiler/CMakeFiles/npu_profiler.dir/src/data_reporter.cpp.o
[  0%] Linking CXX shared library ../../../../packages/torch_npu/lib/libnpu_profiler.so
[  0%] Built target npu_profiler
[  0%] Building CXX object CMakeFiles/torch_npu.dir/torch_npu/csrc/aten/ADInplaceOrViewType_1.cpp.o
[  0%] Building CXX object CMakeFiles/torch_npu.dir/torch_npu/csrc/aten/ADInplaceOrViewType_0.cpp.o
[  0%] Building CXX object CMakeFiles/torch_npu.dir/torch_npu/csrc/aten/AutoCastOps.cpp.o
[  0%] Building CXX object CMakeFiles/torch_npu.dir/torch_npu/csrc/aten/BinaryOps.cpp.o
[  0%] Building CXX object CMakeFiles/torch_npu.dir/torch_npu/csrc/aten/CustomFunctions.cpp.o
[  0%] Building CXX object CMakeFiles/torch_npu.dir/torch_npu/csrc/aten/CustomRedispatch.cpp.o
[  0%] Building CXX object CMakeFiles/torch_npu.dir/torch_npu/csrc/aten/CustomRegisterSchema.cpp.o
[  0%] Building CXX object CMakeFiles/torch_npu.dir/torch_npu/csrc/aten/ForeachRegister.cpp.o
[  0%] Building CXX object CMakeFiles/torch_npu.dir/torch_npu/csrc/aten/Functions.cpp.o
[  1%] Building CXX object CMakeFiles/torch_npu.dir/torch_npu/csrc/aten/NPUGeneratorImpl.cpp.o
[  1%] Building CXX object CMakeFiles/torch_npu.dir/torch_npu/csrc/aten/NestedTensorRegister.cpp.o
In file included from /home/runner/work/pytorch-npu-trae/pytorch-npu-trae/ascend_pytorch/torch_npu/csrc/aten/NPUGeneratorImpl.cpp:10:
/home/runner/work/pytorch-npu-trae/pytorch-npu-trae/ascend_pytorch/torch_npu/csrc/core/npu/NPUGraph.h:30:59: warning: ‘visibility’ attribute ignored [-Wattributes]
   30 | typedef TORCH_NPU_API void (*NPUCallbackFunc)(void *fnData);
      |                                                           ^
[  1%] Building CXX object CMakeFiles/torch_npu.dir/torch_npu/csrc/aten/PinMemory.cpp.o
[  1%] Building CXX object CMakeFiles/torch_npu.dir/torch_npu/csrc/aten/QuantizedRegister.cpp.o
[  1%] Building CXX object CMakeFiles/torch_npu.dir/torch_npu/csrc/aten/RegisterAutogradNPU.cpp.o
[  1%] Building CXX object CMakeFiles/torch_npu.dir/torch_npu/csrc/aten/RegisterFunctionalization_0.cpp.o
[  1%] Building CXX object CMakeFiles/torch_npu.dir/torch_npu/csrc/aten/RegisterFunctionalization_1.cpp.o
[  1%] Building CXX object CMakeFiles/torch_npu.dir/torch_npu/csrc/aten/RegisterNPU.cpp.o
[  1%] Building CXX object CMakeFiles/torch_npu.dir/torch_npu/csrc/aten/RegisterSparseCsrNPU.cpp.o
[  1%] Building CXX object CMakeFiles/torch_npu.dir/torch_npu/csrc/aten/RegisterSparseNPU.cpp.o
[  1%] Building CXX object CMakeFiles/torch_npu.dir/torch_npu/csrc/aten/VariableFallbackKernel.cpp.o
[  2%] Building CXX object CMakeFiles/torch_npu.dir/torch_npu/csrc/aten/VariableType_0.cpp.o
[  2%] Building CXX object CMakeFiles/torch_npu.dir/torch_npu/csrc/aten/common/ChangeDataPtr.cpp.o
[  2%] Building CXX object CMakeFiles/torch_npu.dir/torch_npu/csrc/aten/common/CopyKernel.cpp.o
[  2%] Building CXX object CMakeFiles/torch_npu.dir/torch_npu/csrc/aten/common/CopyKernelNpu.cpp.o
[  2%] Building CXX object CMakeFiles/torch_npu.dir/torch_npu/csrc/aten/common/CopyMemoryKernel.cpp.o
[  2%] Building CXX object CMakeFiles/torch_npu.dir/torch_npu/csrc/aten/common/DLConvertor.cpp.o
/home/runner/work/pytorch-npu-trae/pytorch-npu-trae/ascend_pytorch/torch_npu/csrc/aten/common/DLConvertor.cpp: In function ‘DLDataType at::getDLDataType(const at::Tensor&)’:
/home/runner/work/pytorch-npu-trae/pytorch-npu-trae/ascend_pytorch/torch_npu/csrc/aten/common/DLConvertor.cpp:17:12: warning: enumeration value ‘Float4_e2m1fn_x2’ not handled in switch [-Wswitch]
   17 |     switch (t.scalar_type()) {
      |            ^
[  2%] Building CXX object CMakeFiles/torch_npu.dir/torch_npu/csrc/aten/common/EmptyTensor.cpp.o
[  2%] Building CXX object CMakeFiles/torch_npu.dir/torch_npu/csrc/aten/common/FormatCastHelper.cpp.o
[  2%] Building CXX object CMakeFiles/torch_npu.dir/torch_npu/csrc/aten/common/FormatCastKernelNpu.cpp.o
[  2%] Building CXX object CMakeFiles/torch_npu.dir/torch_npu/csrc/aten/common/LocalScalarDenseNpu.cpp.o
[  2%] Building CXX object CMakeFiles/torch_npu.dir/torch_npu/csrc/aten/common/MatmulByBmmV2KernelNpu.cpp.o
[  3%] Building CXX object CMakeFiles/torch_npu.dir/torch_npu/csrc/aten/common/NpuFastReshape.cpp.o
[  3%] Building CXX object CMakeFiles/torch_npu.dir/torch_npu/csrc/aten/common/PinnedMemoryAllocator.cpp.o
[  3%] Building CXX object CMakeFiles/torch_npu.dir/torch_npu/csrc/aten/common/ResizeNpu.cpp.o
[  3%] Building CXX object CMakeFiles/torch_npu.dir/torch_npu/csrc/aten/common/SetNpu.cpp.o
[  3%] Building CXX object CMakeFiles/torch_npu.dir/torch_npu/csrc/aten/common/StorageSizeNpu.cpp.o
[  3%] Building CXX object CMakeFiles/torch_npu.dir/torch_npu/csrc/aten/common/TensorCompare.cpp.o
[  3%] Building CXX object CMakeFiles/torch_npu.dir/torch_npu/csrc/aten/common/TensorFactories.cpp.o
[  3%] Building CXX object CMakeFiles/torch_npu.dir/torch_npu/csrc/aten/common/TensorProperties.cpp.o
[  3%] Building CXX object CMakeFiles/torch_npu.dir/torch_npu/csrc/aten/common/TensorShape.cpp.o
[  3%] Building CXX object CMakeFiles/torch_npu.dir/torch_npu/csrc/aten/common/ToKernelNpu.cpp.o
[  3%] Building CXX object CMakeFiles/torch_npu.dir/torch_npu/csrc/aten/common/from_blob.cpp.o
[  4%] Building CXX object CMakeFiles/torch_npu.dir/torch_npu/csrc/aten/mirror/NPUMemoryOverlap.cpp.o
[  4%] Building CXX object CMakeFiles/torch_npu.dir/torch_npu/csrc/aten/mirror/NPUTensorIterator.cpp.o
[  4%] Building CXX object CMakeFiles/torch_npu.dir/torch_npu/csrc/aten/mirror/NPUTypeProperties.cpp.o
[  4%] Building CXX object CMakeFiles/torch_npu.dir/torch_npu/csrc/aten/ops/CopyFromAndResizeKernelNpu.cpp.o
[  4%] Building CXX object CMakeFiles/torch_npu.dir/torch_npu/csrc/aten/ops/FlattenDenseTensorsKernelNpu.cpp.o
[  4%] Building CXX object CMakeFiles/torch_npu.dir/torch_npu/csrc/aten/ops/FullKernelNpu.cpp.o
[  4%] Building CXX object CMakeFiles/torch_npu.dir/torch_npu/csrc/aten/ops/HasCompatibleShallowCopyType.cpp.o
[  4%] Building CXX object CMakeFiles/torch_npu.dir/torch_npu/csrc/aten/ops/StreamAndEventKernelNpu.cpp.o
[  4%] Building CXX object CMakeFiles/torch_npu.dir/torch_npu/csrc/aten/ops/op_api/CloneKernelOpApi.cpp.o
[  4%] Building CXX object CMakeFiles/torch_npu.dir/torch_npu/csrc/aten/ops/op_api/CopyKernelOpApi.cpp.o
[  4%] Building CXX object CMakeFiles/torch_npu.dir/torch_npu/csrc/aten/python_functions_0.cpp.o
[  5%] Building CXX object CMakeFiles/torch_npu.dir/torch_npu/csrc/aten/python_functions_1.cpp.o
[  5%] Building CXX object CMakeFiles/torch_npu.dir/torch_npu/csrc/inductor/aoti_runner/model_container_runner_npu.cpp.o
[  5%] Building CXX object CMakeFiles/torch_npu.dir/torch_npu/csrc/inductor/aoti_torch/oss_proxy_executor.cpp.o
[  5%] Building CXX object CMakeFiles/torch_npu.dir/torch_npu/csrc/inductor/aoti_torch/oss_proxy_executor_npu.cpp.o
[  5%] Building CXX object CMakeFiles/torch_npu.dir/torch_npu/csrc/inductor/aoti_torch/shim_npu.cpp.o
[  5%] Building CXX object CMakeFiles/torch_npu.dir/torch_npu/csrc/core/NPUBridge.cpp.o
[  5%] Building CXX object CMakeFiles/torch_npu.dir/torch_npu/csrc/core/NPUSerialization.cpp.o
[  5%] Building CXX object CMakeFiles/torch_npu.dir/torch_npu/csrc/core/NPUStorageImpl.cpp.o
[  5%] Building CXX object CMakeFiles/torch_npu.dir/torch_npu/csrc/core/NPUTensorImpl.cpp.o
[  5%] Building CXX object CMakeFiles/torch_npu.dir/torch_npu/csrc/core/OverflowUtils.cpp.o
[  5%] Building CXX object CMakeFiles/torch_npu.dir/torch_npu/csrc/core/npu/CachingHostAllocator.cpp.o
[  6%] Building CXX object CMakeFiles/torch_npu.dir/torch_npu/csrc/core/npu/GetAffinityCPUInfo.cpp.o
[  6%] Building CXX object CMakeFiles/torch_npu.dir/torch_npu/csrc/core/npu/GetCANNInfo.cpp.o
[  6%] Building CXX object CMakeFiles/torch_npu.dir/torch_npu/csrc/core/npu/NPUAffinityController.cpp.o
[  6%] Building CXX object CMakeFiles/torch_npu.dir/torch_npu/csrc/core/npu/NPUAllocatorConfig.cpp.o
[  6%] Building CXX object CMakeFiles/torch_npu.dir/torch_npu/csrc/core/npu/NPUCachingAllocator.cpp.o
/home/runner/work/pytorch-npu-trae/pytorch-npu-trae/ascend_pytorch/torch_npu/csrc/core/npu/CachingHostAllocator.cpp:888:10: error: ‘void at_npu::native::NPUExpandableHostAllocatorImpl::process_events()’ marked ‘override’, but does not override
  888 |     void process_events() override
      |          ^~~~~~~~~~~~~~
/home/runner/work/pytorch-npu-trae/pytorch-npu-trae/ascend_pytorch/torch_npu/csrc/core/npu/CachingHostAllocator.cpp: In member function ‘virtual std::pair<void*, void*> at_npu::native::NPUExpandableHostAllocatorImpl::allocate(size_t)’:
/home/runner/work/pytorch-npu-trae/pytorch-npu-trae/ascend_pytorch/torch_npu/csrc/core/npu/CachingHostAllocator.cpp:580:46: error: no matching function for call to ‘at_npu::native::AllocParams::AllocParams(const long unsigned int&, at::CachingHostAllocatorImpl<c10_npu::NPUStream, std::unique_ptr<c10_npu::NPUEvent, std::function<void(c10_npu::NPUEvent*)> >, at_npu::native::ExpandableBlock>::BlockPool*)’
  580 |         AllocParams params(size, &blocks_pool);
      |                                              ^
/home/runner/work/pytorch-npu-trae/pytorch-npu-trae/ascend_pytorch/torch_npu/csrc/core/npu/CachingHostAllocator.cpp:546:5: note: candidate: ‘at_npu::native::AllocParams::AllocParams(size_t, at_npu::native::BlockPool*)’
  546 |     AllocParams(size_t size, BlockPool *pool)
      |     ^~~~~~~~~~~
/home/runner/work/pytorch-npu-trae/pytorch-npu-trae/ascend_pytorch/torch_npu/csrc/core/npu/CachingHostAllocator.cpp:546:41: note:   no known conversion for argument 2 from ‘at::CachingHostAllocatorImpl<c10_npu::NPUStream, std::unique_ptr<c10_npu::NPUEvent, std::function<void(c10_npu::NPUEvent*)> >, at_npu::native::ExpandableBlock>::BlockPool*’ {aka ‘at::HostBlockPool<c10_npu::NPUStream, std::unique_ptr<c10_npu::NPUEvent, std::function<void(c10_npu::NPUEvent*)> >, at_npu::native::ExpandableBlock>*’} to ‘at_npu::native::BlockPool*’
  546 |     AllocParams(size_t size, BlockPool *pool)
      |                              ~~~~~~~~~~~^~~~
/home/runner/work/pytorch-npu-trae/pytorch-npu-trae/ascend_pytorch/torch_npu/csrc/core/npu/CachingHostAllocator.cpp: In member function ‘void at_npu::native::NPUExpandableHostAllocatorImpl::release_blocks()’:
/home/runner/work/pytorch-npu-trae/pytorch-npu-trae/ascend_pytorch/torch_npu/csrc/core/npu/CachingHostAllocator.cpp:759:31: error: ‘using BlockPool = struct at::HostBlockPool<c10_npu::NPUStream, std::unique_ptr<c10_npu::NPUEvent, std::function<void(c10_npu::NPUEvent*)> >, at_npu::native::ExpandableBlock>’ {aka ‘struct at::HostBlockPool<c10_npu::NPUStream, std::unique_ptr<c10_npu::NPUEvent, std::function<void(c10_npu::NPUEvent*)> >, at_npu::native::ExpandableBlock>’} has no member named ‘blocks’; did you mean ‘blocks_’?
  759 |         auto it = blocks_pool.blocks.begin();
      |                               ^~~~~~
      |                               blocks_
/home/runner/work/pytorch-npu-trae/pytorch-npu-trae/ascend_pytorch/torch_npu/csrc/core/npu/CachingHostAllocator.cpp:760:34: error: ‘using BlockPool = struct at::HostBlockPool<c10_npu::NPUStream, std::unique_ptr<c10_npu::NPUEvent, std::function<void(c10_npu::NPUEvent*)> >, at_npu::native::ExpandableBlock>’ {aka ‘struct at::HostBlockPool<c10_npu::NPUStream, std::unique_ptr<c10_npu::NPUEvent, std::function<void(c10_npu::NPUEvent*)> >, at_npu::native::ExpandableBlock>’} has no member named ‘blocks’; did you mean ‘blocks_’?
  760 |         while (it != blocks_pool.blocks.end()) {
      |                                  ^~~~~~
      |                                  blocks_
/home/runner/work/pytorch-npu-trae/pytorch-npu-trae/ascend_pytorch/torch_npu/csrc/core/npu/CachingHostAllocator.cpp: In member function ‘void at_npu::native::NPUExpandableHostAllocatorImpl::unmap_block(at_npu::native::ExpandableBlock*)’:
/home/runner/work/pytorch-npu-trae/pytorch-npu-trae/ascend_pytorch/torch_npu/csrc/core/npu/CachingHostAllocator.cpp:819:46: error: cannot convert ‘at_npu::native::BlockPool’ to ‘at::CachingHostAllocatorImpl<c10_npu::NPUStream, std::unique_ptr<c10_npu::NPUEvent, std::function<void(c10_npu::NPUEvent*)> >, at_npu::native::ExpandableBlock>::BlockPool&’ {aka ‘at::HostBlockPool<c10_npu::NPUStream, std::unique_ptr<c10_npu::NPUEvent, std::function<void(c10_npu::NPUEvent*)> >, at_npu::native::ExpandableBlock>&’}
  819 |         try_merge_blocks(block, block->prev, *block->pool);
      |                                              ^~~~~~~~~~~~
      |                                              |
      |                                              at_npu::native::BlockPool
/home/runner/work/pytorch-npu-trae/pytorch-npu-trae/ascend_pytorch/torch_npu/csrc/core/npu/CachingHostAllocator.cpp:840:84: note:   initializing argument 3 of ‘size_t at_npu::native::NPUExpandableHostAllocatorImpl::try_merge_blocks(at_npu::native::ExpandableBlock*, at_npu::native::ExpandableBlock*, at::CachingHostAllocatorImpl<c10_npu::NPUStream, std::unique_ptr<c10_npu::NPUEvent, std::function<void(c10_npu::NPUEvent*)> >, at_npu::native::ExpandableBlock>::BlockPool&)’
  840 |     size_t try_merge_blocks(ExpandableBlock *dst, ExpandableBlock *src, BlockPool &pool)
      |                                                                         ~~~~~~~~~~~^~~~
/home/runner/work/pytorch-npu-trae/pytorch-npu-trae/ascend_pytorch/torch_npu/csrc/core/npu/CachingHostAllocator.cpp:820:46: error: cannot convert ‘at_npu::native::BlockPool’ to ‘at::CachingHostAllocatorImpl<c10_npu::NPUStream, std::unique_ptr<c10_npu::NPUEvent, std::function<void(c10_npu::NPUEvent*)> >, at_npu::native::ExpandableBlock>::BlockPool&’ {aka ‘at::HostBlockPool<c10_npu::NPUStream, std::unique_ptr<c10_npu::NPUEvent, std::function<void(c10_npu::NPUEvent*)> >, at_npu::native::ExpandableBlock>&’}
  820 |         try_merge_blocks(block, block->next, *block->pool);
      |                                              ^~~~~~~~~~~~
      |                                              |
      |                                              at_npu::native::BlockPool
/home/runner/work/pytorch-npu-trae/pytorch-npu-trae/ascend_pytorch/torch_npu/csrc/core/npu/CachingHostAllocator.cpp:840:84: note:   initializing argument 3 of ‘size_t at_npu::native::NPUExpandableHostAllocatorImpl::try_merge_blocks(at_npu::native::ExpandableBlock*, at_npu::native::ExpandableBlock*, at::CachingHostAllocatorImpl<c10_npu::NPUStream, std::unique_ptr<c10_npu::NPUEvent, std::function<void(c10_npu::NPUEvent*)> >, at_npu::native::ExpandableBlock>::BlockPool&)’
  840 |     size_t try_merge_blocks(ExpandableBlock *dst, ExpandableBlock *src, BlockPool &pool)
      |                                                                         ~~~~~~~~~~~^~~~
/home/runner/work/pytorch-npu-trae/pytorch-npu-trae/ascend_pytorch/torch_npu/csrc/core/npu/CachingHostAllocator.cpp: In member function ‘size_t at_npu::native::NPUExpandableHostAllocatorImpl::try_merge_blocks(at_npu::native::ExpandableBlock*, at_npu::native::ExpandableBlock*, at::CachingHostAllocatorImpl<c10_npu::NPUStream, std::unique_ptr<c10_npu::NPUEvent, std::function<void(c10_npu::NPUEvent*)> >, at_npu::native::ExpandableBlock>::BlockPool&)’:
/home/runner/work/pytorch-npu-trae/pytorch-npu-trae/ascend_pytorch/torch_npu/csrc/core/npu/CachingHostAllocator.cpp:863:42: error: ‘using BlockPool = struct at::HostBlockPool<c10_npu::NPUStream, std::unique_ptr<c10_npu::NPUEvent, std::function<void(c10_npu::NPUEvent*)> >, at_npu::native::ExpandableBlock>’ {aka ‘struct at::HostBlockPool<c10_npu::NPUStream, std::unique_ptr<c10_npu::NPUEvent, std::function<void(c10_npu::NPUEvent*)> >, at_npu::native::ExpandableBlock>’} has no member named ‘blocks’; did you mean ‘blocks_’?
  863 |         auto erased = src->mapped ? pool.blocks.erase(src) : pool.unmapped.erase(src);
      |                                          ^~~~~~
      |                                          blocks_
/home/runner/work/pytorch-npu-trae/pytorch-npu-trae/ascend_pytorch/torch_npu/csrc/core/npu/CachingHostAllocator.cpp:863:67: error: ‘using BlockPool = struct at::HostBlockPool<c10_npu::NPUStream, std::unique_ptr<c10_npu::NPUEvent, std::function<void(c10_npu::NPUEvent*)> >, at_npu::native::ExpandableBlock>’ {aka ‘struct at::HostBlockPool<c10_npu::NPUStream, std::unique_ptr<c10_npu::NPUEvent, std::function<void(c10_npu::NPUEvent*)> >, at_npu::native::ExpandableBlock>’} has no member named ‘unmapped’
  863 |         auto erased = src->mapped ? pool.blocks.erase(src) : pool.unmapped.erase(src);
      |                                                                   ^~~~~~~~
/home/runner/work/pytorch-npu-trae/pytorch-npu-trae/ascend_pytorch/torch_npu/csrc/core/npu/CachingHostAllocator.cpp: In member function ‘void at_npu::native::NPUExpandableHostAllocatorImpl::free_expandable_block(at_npu::native::ExpandableBlock*)’:
/home/runner/work/pytorch-npu-trae/pytorch-npu-trae/ascend_pytorch/torch_npu/csrc/core/npu/CachingHostAllocator.cpp:882:54: error: cannot convert ‘at_npu::native::BlockPool’ to ‘at::CachingHostAllocatorImpl<c10_npu::NPUStream, std::unique_ptr<c10_npu::NPUEvent, std::function<void(c10_npu::NPUEvent*)> >, at_npu::native::ExpandableBlock>::BlockPool&’ {aka ‘at::HostBlockPool<c10_npu::NPUStream, std::unique_ptr<c10_npu::NPUEvent, std::function<void(c10_npu::NPUEvent*)> >, at_npu::native::ExpandableBlock>&’}
  882 |             try_merge_blocks(block, merge_candidate, pool);
      |                                                      ^~~~
      |                                                      |
      |                                                      at_npu::native::BlockPool
/home/runner/work/pytorch-npu-trae/pytorch-npu-trae/ascend_pytorch/torch_npu/csrc/core/npu/CachingHostAllocator.cpp:840:84: note:   initializing argument 3 of ‘size_t at_npu::native::NPUExpandableHostAllocatorImpl::try_merge_blocks(at_npu::native::ExpandableBlock*, at_npu::native::ExpandableBlock*, at::CachingHostAllocatorImpl<c10_npu::NPUStream, std::unique_ptr<c10_npu::NPUEvent, std::function<void(c10_npu::NPUEvent*)> >, at_npu::native::ExpandableBlock>::BlockPool&)’
  840 |     size_t try_merge_blocks(ExpandableBlock *dst, ExpandableBlock *src, BlockPool &pool)
      |                                                                         ~~~~~~~~~~~^~~~
/home/runner/work/pytorch-npu-trae/pytorch-npu-trae/ascend_pytorch/torch_npu/csrc/core/npu/CachingHostAllocator.cpp: In member function ‘bool at_npu::native::NPUExpandableHostAllocatorImpl::get_free_expandable_block(at_npu::native::AllocParams&)’:
/home/runner/work/pytorch-npu-trae/pytorch-npu-trae/ascend_pytorch/torch_npu/csrc/core/npu/CachingHostAllocator.cpp:973:27: error: invalid initialization of reference of type ‘at::CachingHostAllocatorImpl<c10_npu::NPUStream, std::unique_ptr<c10_npu::NPUEvent, std::function<void(c10_npu::NPUEvent*)> >, at_npu::native::ExpandableBlock>::BlockPool&’ {aka ‘at::HostBlockPool<c10_npu::NPUStream, std::unique_ptr<c10_npu::NPUEvent, std::function<void(c10_npu::NPUEvent*)> >, at_npu::native::ExpandableBlock>&’} from expression of type ‘at_npu::native::BlockPool’
  973 |         BlockPool &pool = *p.pool;
      |                           ^~~~~~~
/home/runner/work/pytorch-npu-trae/pytorch-npu-trae/ascend_pytorch/torch_npu/csrc/core/npu/CachingHostAllocator.cpp:974:24: error: ‘using BlockPool = struct at::HostBlockPool<c10_npu::NPUStream, std::unique_ptr<c10_npu::NPUEvent, std::function<void(c10_npu::NPUEvent*)> >, at_npu::native::ExpandableBlock>’ {aka ‘struct at::HostBlockPool<c10_npu::NPUStream, std::unique_ptr<c10_npu::NPUEvent, std::function<void(c10_npu::NPUEvent*)> >, at_npu::native::ExpandableBlock>’} has no member named ‘blocks’; did you mean ‘blocks_’?
  974 |         auto it = pool.blocks.lower_bound(&p.search_key);
      |                        ^~~~~~
      |                        blocks_
/home/runner/work/pytorch-npu-trae/pytorch-npu-trae/ascend_pytorch/torch_npu/csrc/core/npu/CachingHostAllocator.cpp:975:24: error: ‘using BlockPool = struct at::HostBlockPool<c10_npu::NPUStream, std::unique_ptr<c10_npu::NPUEvent, std::function<void(c10_npu::NPUEvent*)> >, at_npu::native::ExpandableBlock>’ {aka ‘struct at::HostBlockPool<c10_npu::NPUStream, std::unique_ptr<c10_npu::NPUEvent, std::function<void(c10_npu::NPUEvent*)> >, at_npu::native::ExpandableBlock>’} has no member named ‘blocks’; did you mean ‘blocks_’?
  975 |         if (it == pool.blocks.end()) {
      |                        ^~~~~~
      |                        blocks_
/home/runner/work/pytorch-npu-trae/pytorch-npu-trae/ascend_pytorch/torch_npu/csrc/core/npu/CachingHostAllocator.cpp:990:63: error: ‘using BlockPool = struct at::HostBlockPool<c10_npu::NPUStream, std::unique_ptr<c10_npu::NPUEvent, std::function<void(c10_npu::NPUEvent*)> >, at_npu::native::ExpandableBlock>’ {aka ‘struct at::HostBlockPool<c10_npu::NPUStream, std::unique_ptr<c10_npu::NPUEvent, std::function<void(c10_npu::NPUEvent*)> >, at_npu::native::ExpandableBlock>’} has no member named ‘blocks’; did you mean ‘blocks_’?
  990 |             while ((*it)->expandable_segment_ && next != pool.blocks.end() &&
      |                                                               ^~~~~~
      |                                                               blocks_
/home/runner/work/pytorch-npu-trae/pytorch-npu-trae/ascend_pytorch/torch_npu/csrc/core/npu/CachingHostAllocator.cpp:997:14: error: ‘using BlockPool = struct at::HostBlockPool<c10_npu::NPUStream, std::unique_ptr<c10_npu::NPUEvent, std::function<void(c10_npu::NPUEvent*)> >, at_npu::native::ExpandableBlock>’ {aka ‘struct at::HostBlockPool<c10_npu::NPUStream, std::unique_ptr<c10_npu::NPUEvent, std::function<void(c10_npu::NPUEvent*)> >, at_npu::native::ExpandableBlock>’} has no member named ‘blocks’; did you mean ‘blocks_’?
  997 |         pool.blocks.erase(it);
      |              ^~~~~~
      |              blocks_
/home/runner/work/pytorch-npu-trae/pytorch-npu-trae/ascend_pytorch/torch_npu/csrc/core/npu/CachingHostAllocator.cpp: In member function ‘bool at_npu::native::NPUExpandableHostAllocatorImpl::alloc_block(at_npu::native::AllocParams&)’:
/home/runner/work/pytorch-npu-trae/pytorch-npu-trae/ascend_pytorch/torch_npu/csrc/core/npu/CachingHostAllocator.cpp:1003:51: error: cannot convert ‘at_npu::native::BlockPool*’ to ‘at::CachingHostAllocatorImpl<c10_npu::NPUStream, std::unique_ptr<c10_npu::NPUEvent, std::function<void(c10_npu::NPUEvent*)> >, at_npu::native::ExpandableBlock>::BlockPool*’ {aka ‘at::HostBlockPool<c10_npu::NPUStream, std::unique_ptr<c10_npu::NPUEvent, std::function<void(c10_npu::NPUEvent*)> >, at_npu::native::ExpandableBlock>*’}
 1003 |         p.block = try_allocate_expandable_block(p.pool, p.size());
      |                                                 ~~^~~~
      |                                                   |
      |                                                   at_npu::native::BlockPool*
/home/runner/work/pytorch-npu-trae/pytorch-npu-trae/ascend_pytorch/torch_npu/csrc/core/npu/CachingHostAllocator.cpp:1101:63: note:   initializing argument 1 of ‘at_npu::native::ExpandableBlock* at_npu::native::NPUExpandableHostAllocatorImpl::try_allocate_expandable_block(at::CachingHostAllocatorImpl<c10_npu::NPUStream, std::unique_ptr<c10_npu::NPUEvent, std::function<void(c10_npu::NPUEvent*)> >, at_npu::native::ExpandableBlock>::BlockPool*, size_t)’
 1101 |     ExpandableBlock *try_allocate_expandable_block(BlockPool *pool, size_t size)
      |                                                    ~~~~~~~~~~~^~~~
/home/runner/work/pytorch-npu-trae/pytorch-npu-trae/ascend_pytorch/torch_npu/csrc/core/npu/CachingHostAllocator.cpp: In member function ‘at_npu::native::ExpandableBlock* at_npu::native::NPUExpandableHostAllocatorImpl::find_expandable_block(at::CachingHostAllocatorImpl<c10_npu::NPUStream, std::unique_ptr<c10_npu::NPUEvent, std::function<void(c10_npu::NPUEvent*)> >, at_npu::native::ExpandableBlock>::BlockPool*, size_t)’:
/home/runner/work/pytorch-npu-trae/pytorch-npu-trae/ascend_pytorch/torch_npu/csrc/core/npu/CachingHostAllocator.cpp:1031:30: error: ‘using BlockPool = struct at::HostBlockPool<c10_npu::NPUStream, std::unique_ptr<c10_npu::NPUEvent, std::function<void(c10_npu::NPUEvent*)> >, at_npu::native::ExpandableBlock>’ {aka ‘struct at::HostBlockPool<c10_npu::NPUStream, std::unique_ptr<c10_npu::NPUEvent, std::function<void(c10_npu::NPUEvent*)> >, at_npu::native::ExpandableBlock>’} has no member named ‘unmapped’
 1031 |         for (auto it = pool->unmapped.lower_bound(&key); it != pool->unmapped.end(); ++it) {
      |                              ^~~~~~~~
/home/runner/work/pytorch-npu-trae/pytorch-npu-trae/ascend_pytorch/torch_npu/csrc/core/npu/CachingHostAllocator.cpp:1031:70: error: ‘using BlockPool = struct at::HostBlockPool<c10_npu::NPUStream, std::unique_ptr<c10_npu::NPUEvent, std::function<void(c10_npu::NPUEvent*)> >, at_npu::native::ExpandableBlock>’ {aka ‘struct at::HostBlockPool<c10_npu::NPUStream, std::unique_ptr<c10_npu::NPUEvent, std::function<void(c10_npu::NPUEvent*)> >, at_npu::native::ExpandableBlock>’} has no member named ‘unmapped’
 1031 |         for (auto it = pool->unmapped.lower_bound(&key); it != pool->unmapped.end(); ++it) {
      |                                                                      ^~~~~~~~
/home/runner/work/pytorch-npu-trae/pytorch-npu-trae/ascend_pytorch/torch_npu/csrc/core/npu/CachingHostAllocator.cpp:1053:100: error: no matching function for call to ‘at_npu::native::ExpandableBlock::ExpandableBlock(size_t, at::CachingHostAllocatorImpl<c10_npu::NPUStream, std::unique_ptr<c10_npu::NPUEvent, std::function<void(c10_npu::NPUEvent*)> >, at_npu::native::ExpandableBlock>::BlockPool*&, char*)’
 1053 |         ExpandableBlock *candidate = new (std::nothrow) ExpandableBlock(es->size(), pool, es->ptr());
      |                                                                                                    ^
/home/runner/work/pytorch-npu-trae/pytorch-npu-trae/ascend_pytorch/torch_npu/csrc/core/npu/CachingHostAllocator.cpp:83:14: note: candidate: ‘at_npu::native::ExpandableBlock::ExpandableBlock(size_t)’
   83 |     explicit ExpandableBlock(const size_t size)
      |              ^~~~~~~~~~~~~~~
/home/runner/work/pytorch-npu-trae/pytorch-npu-trae/ascend_pytorch/torch_npu/csrc/core/npu/CachingHostAllocator.cpp:83:14: note:   candidate expects 1 argument, 3 provided
/home/runner/work/pytorch-npu-trae/pytorch-npu-trae/ascend_pytorch/torch_npu/csrc/core/npu/CachingHostAllocator.cpp:75:5: note: candidate: ‘at_npu::native::ExpandableBlock::ExpandableBlock(size_t, at_npu::native::BlockPool*, void*)’
   75 |     ExpandableBlock(const size_t size, BlockPool *pool, void *ptr)
      |     ^~~~~~~~~~~~~~~
/home/runner/work/pytorch-npu-trae/pytorch-npu-trae/ascend_pytorch/torch_npu/csrc/core/npu/CachingHostAllocator.cpp:75:51: note:   no known conversion for argument 2 from ‘at::CachingHostAllocatorImpl<c10_npu::NPUStream, std::unique_ptr<c10_npu::NPUEvent, std::function<void(c10_npu::NPUEvent*)> >, at_npu::native::ExpandableBlock>::BlockPool*’ {aka ‘at::HostBlockPool<c10_npu::NPUStream, std::unique_ptr<c10_npu::NPUEvent, std::function<void(c10_npu::NPUEvent*)> >, at_npu::native::ExpandableBlock>*’} to ‘at_npu::native::BlockPool*’
   75 |     ExpandableBlock(const size_t size, BlockPool *pool, void *ptr)
      |                                        ~~~~~~~~~~~^~~~
/home/runner/work/pytorch-npu-trae/pytorch-npu-trae/ascend_pytorch/torch_npu/csrc/core/npu/CachingHostAllocator.cpp:69:5: note: candidate: ‘at_npu::native::ExpandableBlock::ExpandableBlock(size_t, void*)’
   69 |     ExpandableBlock(const size_t size, void *ptr)
      |     ^~~~~~~~~~~~~~~
/home/runner/work/pytorch-npu-trae/pytorch-npu-trae/ascend_pytorch/torch_npu/csrc/core/npu/CachingHostAllocator.cpp:69:5: note:   candidate expects 2 arguments, 3 provided
/home/runner/work/pytorch-npu-trae/pytorch-npu-trae/ascend_pytorch/torch_npu/csrc/core/npu/CachingHostAllocator.cpp:1060:15: error: ‘using BlockPool = struct at::HostBlockPool<c10_npu::NPUStream, std::unique_ptr<c10_npu::NPUEvent, std::function<void(c10_npu::NPUEvent*)> >, at_npu::native::ExpandableBlock>’ {aka ‘struct at::HostBlockPool<c10_npu::NPUStream, std::unique_ptr<c10_npu::NPUEvent, std::function<void(c10_npu::NPUEvent*)> >, at_npu::native::ExpandableBlock>’} has no member named ‘unmapped’
 1060 |         pool->unmapped.insert(candidate);
      |               ^~~~~~~~
/home/runner/work/pytorch-npu-trae/pytorch-npu-trae/ascend_pytorch/torch_npu/csrc/core/npu/CachingHostAllocator.cpp: In member function ‘bool at_npu::native::NPUExpandableHostAllocatorImpl::map_block(at_npu::native::ExpandableBlock*, size_t, at::CachingHostAllocatorImpl<c10_npu::NPUStream, std::unique_ptr<c10_npu::NPUEvent, std::function<void(c10_npu::NPUEvent*)> >, at_npu::native::ExpandableBlock>::BlockPool*)’:
/home/runner/work/pytorch-npu-trae/pytorch-npu-trae/ascend_pytorch/torch_npu/csrc/core/npu/CachingHostAllocator.cpp:1068:98: error: cannot convert ‘at::CachingHostAllocatorImpl<c10_npu::NPUStream, std::unique_ptr<c10_npu::NPUEvent, std::function<void(c10_npu::NPUEvent*)> >, at_npu::native::ExpandableBlock>::BlockPool*’ {aka ‘at::HostBlockPool<c10_npu::NPUStream, std::unique_ptr<c10_npu::NPUEvent, std::function<void(c10_npu::NPUEvent*)> >, at_npu::native::ExpandableBlock>*’} to ‘at_npu::native::BlockPool*’
 1068 |         auto mapped_range = to_map->expandable_segment_->map(SegmentRange{ to_map->ptr_, size }, map_pool);
      |                                                                                                  ^~~~~~~~
      |                                                                                                  |
      |                                                                                                  at::CachingHostAllocatorImpl<c10_npu::NPUStream, std::unique_ptr<c10_npu::NPUEvent, std::function<void(c10_npu::NPUEvent*)> >, at_npu::native::ExpandableBlock>::BlockPool* {aka at::HostBlockPool<c10_npu::NPUStream, std::unique_ptr<c10_npu::NPUEvent, std::function<void(c10_npu::NPUEvent*)> >, at_npu::native::ExpandableBlock>*}
/home/runner/work/pytorch-npu-trae/pytorch-npu-trae/ascend_pytorch/torch_npu/csrc/core/npu/CachingHostAllocator.cpp:407:53: note:   initializing argument 2 of ‘at_npu::native::SegmentRange at_npu::native::ExpandableSegment::map(at_npu::native::SegmentRange, at_npu::native::BlockPool*)’
  407 |     SegmentRange map(SegmentRange range, BlockPool *pool)
      |                                          ~~~~~~~~~~~^~~~
/home/runner/work/pytorch-npu-trae/pytorch-npu-trae/ascend_pytorch/torch_npu/csrc/core/npu/CachingHostAllocator.cpp:1076:27: error: invalid initialization of reference of type ‘at::CachingHostAllocatorImpl<c10_npu::NPUStream, std::unique_ptr<c10_npu::NPUEvent, std::function<void(c10_npu::NPUEvent*)> >, at_npu::native::ExpandableBlock>::BlockPool&’ {aka ‘at::HostBlockPool<c10_npu::NPUStream, std::unique_ptr<c10_npu::NPUEvent, std::function<void(c10_npu::NPUEvent*)> >, at_npu::native::ExpandableBlock>&’} from expression of type ‘at_npu::native::BlockPool’
 1076 |         BlockPool &pool = *to_map->pool;
      |                           ^~~~~~~~~~~~~
/home/runner/work/pytorch-npu-trae/pytorch-npu-trae/ascend_pytorch/torch_npu/csrc/core/npu/CachingHostAllocator.cpp:1077:14: error: ‘using BlockPool = struct at::HostBlockPool<c10_npu::NPUStream, std::unique_ptr<c10_npu::NPUEvent, std::function<void(c10_npu::NPUEvent*)> >, at_npu::native::ExpandableBlock>’ {aka ‘struct at::HostBlockPool<c10_npu::NPUStream, std::unique_ptr<c10_npu::NPUEvent, std::function<void(c10_npu::NPUEvent*)> >, at_npu::native::ExpandableBlock>’} has no member named ‘unmapped’
 1077 |         pool.unmapped.erase(to_map);
      |              ^~~~~~~~
/home/runner/work/pytorch-npu-trae/pytorch-npu-trae/ascend_pytorch/torch_npu/csrc/core/npu/CachingHostAllocator.cpp:1087:18: error: ‘using BlockPool = struct at::HostBlockPool<c10_npu::NPUStream, std::unique_ptr<c10_npu::NPUEvent, std::function<void(c10_npu::NPUEvent*)> >, at_npu::native::ExpandableBlock>’ {aka ‘struct at::HostBlockPool<c10_npu::NPUStream, std::unique_ptr<c10_npu::NPUEvent, std::function<void(c10_npu::NPUEvent*)> >, at_npu::native::ExpandableBlock>’} has no member named ‘unmapped’
 1087 |             pool.unmapped.insert(remaining);
      |                  ^~~~~~~~
/home/runner/work/pytorch-npu-trae/pytorch-npu-trae/ascend_pytorch/torch_npu/csrc/core/npu/CachingHostAllocator.cpp:1097:14: error: ‘using BlockPool = struct at::HostBlockPool<c10_npu::NPUStream, std::unique_ptr<c10_npu::NPUEvent, std::function<void(c10_npu::NPUEvent*)> >, at_npu::native::ExpandableBlock>’ {aka ‘struct at::HostBlockPool<c10_npu::NPUStream, std::unique_ptr<c10_npu::NPUEvent, std::function<void(c10_npu::NPUEvent*)> >, at_npu::native::ExpandableBlock>’} has no member named ‘blocks’; did you mean ‘blocks_’?
 1097 |         pool.blocks.insert(to_map);
      |              ^~~~~~
      |              blocks_
/home/runner/work/pytorch-npu-trae/pytorch-npu-trae/ascend_pytorch/torch_npu/csrc/core/npu/CachingHostAllocator.cpp: In member function ‘at_npu::native::ExpandableBlock* at_npu::native::NPUExpandableHostAllocatorImpl::try_allocate_expandable_block(at::CachingHostAllocatorImpl<c10_npu::NPUStream, std::unique_ptr<c10_npu::NPUEvent, std::function<void(c10_npu::NPUEvent*)> >, at_npu::native::ExpandableBlock>::BlockPool*, size_t)’:
/home/runner/work/pytorch-npu-trae/pytorch-npu-trae/ascend_pytorch/torch_npu/csrc/core/npu/CachingHostAllocator.cpp:1128:15: error: ‘using BlockPool = struct at::HostBlockPool<c10_npu::NPUStream, std::unique_ptr<c10_npu::NPUEvent, std::function<void(c10_npu::NPUEvent*)> >, at_npu::native::ExpandableBlock>’ {aka ‘struct at::HostBlockPool<c10_npu::NPUStream, std::unique_ptr<c10_npu::NPUEvent, std::function<void(c10_npu::NPUEvent*)> >, at_npu::native::ExpandableBlock>’} has no member named ‘blocks’; did you mean ‘blocks_’?
 1128 |         pool->blocks.erase(candidate);
      |               ^~~~~~
      |               blocks_
[  6%] Building CXX object CMakeFiles/torch_npu.dir/torch_npu/csrc/core/npu/NPUEvent.cpp.o
make[2]: *** [CMakeFiles/torch_npu.dir/build.make:961: CMakeFiles/torch_npu.dir/torch_npu/csrc/core/npu/CachingHostAllocator.cpp.o] Error 1
make[2]: *** Waiting for unfinished jobs....
make[1]: *** [CMakeFiles/Makefile2:493: CMakeFiles/torch_npu.dir/all] Error 2
make: *** [Makefile:136: all] Error 2
Traceback (most recent call last):
  File "/home/runner/work/pytorch-npu-trae/pytorch-npu-trae/ascend_pytorch/setup.py", line 708, in <module>
    setup(
  File "/opt/hostedtoolcache/Python/3.11.14/x64/lib/python3.11/site-packages/setuptools/__init__.py", line 117, in setup
    return distutils.core.setup(**attrs)
           ^^^^^^^^^^^^^^^^^^^^^^^^^^^^^
  File "/opt/hostedtoolcache/Python/3.11.14/x64/lib/python3.11/site-packages/setuptools/_distutils/core.py", line 186, in setup
    return run_commands(dist)
           ^^^^^^^^^^^^^^^^^^
  File "/opt/hostedtoolcache/Python/3.11.14/x64/lib/python3.11/site-packages/setuptools/_distutils/core.py", line 202, in run_commands
    dist.run_commands()
  File "/opt/hostedtoolcache/Python/3.11.14/x64/lib/python3.11/site-packages/setuptools/_distutils/dist.py", line 1002, in run_commands
    self.run_command(cmd)
  File "/opt/hostedtoolcache/Python/3.11.14/x64/lib/python3.11/site-packages/setuptools/dist.py", line 1104, in run_command
    super().run_command(command)
  File "/opt/hostedtoolcache/Python/3.11.14/x64/lib/python3.11/site-packages/setuptools/_distutils/dist.py", line 1021, in run_command
    cmd_obj.run()
  File "/opt/hostedtoolcache/Python/3.11.14/x64/lib/python3.11/site-packages/setuptools/_distutils/command/build.py", line 135, in run
    self.run_command(cmd_name)
  File "/opt/hostedtoolcache/Python/3.11.14/x64/lib/python3.11/site-packages/setuptools/_distutils/cmd.py", line 357, in run_command
    self.distribution.run_command(command)
  File "/opt/hostedtoolcache/Python/3.11.14/x64/lib/python3.11/site-packages/setuptools/dist.py", line 1104, in run_command
    super().run_command(command)
  File "/opt/hostedtoolcache/Python/3.11.14/x64/lib/python3.11/site-packages/setuptools/_distutils/dist.py", line 1021, in run_command
    cmd_obj.run()
  File "/home/runner/work/pytorch-npu-trae/pytorch-npu-trae/ascend_pytorch/setup.py", line 378, in run
    subprocess.check_call(['make'] + build_args, cwd=build_type_dir, env=os.environ)
  File "/opt/hostedtoolcache/Python/3.11.14/x64/lib/python3.11/subprocess.py", line 413, in check_call
    raise CalledProcessError(retcode, cmd)
subprocess.CalledProcessError: Command '['make', '-j', '4']' returned non-zero exit status 2.
